Date,Time,Value date,Product,ISIN,Description,FX,Change,,Balance,,Order Id
04-07-2025,06:20,30-06-2025,,,Flatex Interest Income,,EUR,0.00,EUR,423.71,
07-04-2025,04:41,07-04-2025,,,Transfer to your Cash Account at flatexDEGIRO Bank AG: 179.56 EUR,,,,EUR,423.71,
07-04-2025,04:41,07-04-2025,,,Degiro Cash Sweep Transfer,,EUR,-179.56,EUR,244.15,
05-04-2025,22:00,31-03-2025,,,Flatex Interest Income,,EUR,0.00,EUR,423.71,
05-04-2025,06:36,04-04-2025,,,FX Credit,,EUR,179.56,EUR,423.71,
05-04-2025,06:36,04-04-2025,,,FX Debit,1.0983,USD,-197.20,USD,0.00,
04-04-2025,07:42,03-04-2025,ROCKET COMPANIES INC,US77311W1018,Dividend,,USD,232.00,USD,197.20,
04-04-2025,07:42,03-04-2025,ROCKET COMPANIES INC,US77311W1018,Dividend Tax,,USD,-34.80,USD,-34.80,
07-02-2025,12:52,06-02-2025,,,Transfer from your Cash Account at flatexDEGIRO Bank AG: 5 EUR,,,,EUR,244.15,
07-02-2025,12:52,06-02-2025,,,Degiro Cash Sweep Transfer,,EUR,5.00,EUR,249.15,
06-02-2025,17:17,31-01-2025,,,DEGIRO Exchange Connection Fee 2025 (New York Stock Exchange - NSY),,EUR,-2.50,EUR,244.15,
06-02-2025,17:17,31-01-2025,,,DEGIRO Exchange Connection Fee 2025 (Nasdaq - NDQ),,EUR,-2.50,EUR,246.65,
05-01-2025,03:21,02-01-2025,,,Flatex Interest Income,,EUR,0.00,EUR,249.15,
04-10-2024,23:31,30-09-2024,,,Flatex Interest Income,,EUR,0.00,EUR,249.15,
06-07-2024,05:50,30-06-2024,,,Flatex Interest Income,,EUR,0.00,EUR,249.15,
02-04-2024,04:20,31-03-2024,,,Flatex Interest Income,,EUR,0.00,EUR,249.15,
05-02-2024,22:49,05-02-2024,,,Transfer from your Cash Account at flatexDEGIRO Bank AG: 5 EUR,,,,EUR,249.15,
05-02-2024,22:49,05-02-2024,FLATEX EURO BANKACCOUNT,NLFLATEXACNT,Degiro Cash Sweep Transfer,,EUR,5.00,EUR,254.15,
05-02-2024,07:17,31-01-2024,,,DEGIRO Exchange Connection Fee 2024 (New York Stock Exchange - NSY),,EUR,-2.50,EUR,249.15,
05-02-2024,07:17,31-01-2024,,,DEGIRO Exchange Connection Fee 2024 (Nasdaq - NDQ),,EUR,-2.50,EUR,251.65,
02-01-2024,05:10,02-01-2024,,,Flatex Interest Income,,EUR,0.00,EUR,254.15,
22-12-2023,16:47,22-12-2023,,,Transfer to your Cash Account at flatexDEGIRO Bank AG: 31.85 EUR,,,,EUR,254.15,
22-12-2023,16:47,22-12-2023,FLATEX EURO BANKACCOUNT,NLFLATEXACNT,Degiro Cash Sweep Transfer,,EUR,-31.85,EUR,222.30,
22-12-2023,07:35,21-12-2023,,,FX Credit,,EUR,31.85,EUR,254.15,
22-12-2023,07:35,21-12-2023,,,FX Debit,1.1036,USD,-35.15,USD,0.00,
21-12-2023,12:29,22-03-2022,ROCKET COMPANIES INC,US77311W1018,Capital Return,,USD,234.32,USD,35.15,
21-12-2023,12:29,22-03-2022,ROCKET COMPANIES INC,US77311W1018,Dividend,,USD,58.58,USD,-199.17,
21-12-2023,12:29,22-03-2022,ROCKET COMPANIES INC,US77311W1018,Dividend Tax,,USD,-8.79,USD,-257.75,
21-12-2023,12:29,22-03-2022,ROCKET COMPANIES INC,US77311W1018,Dividend,,USD,-292.90,USD,-248.96,
21-12-2023,12:29,22-03-2022,ROCKET COMPANIES INC,US77311W1018,Dividend Tax,,USD,43.94,USD,43.94,
02-10-2023,05:31,30-09-2023,,,Flatex Interest Income,,EUR,0.00,EUR,222.30,
01-07-2023,17:41,30-06-2023,,,Flatex Interest Income,,EUR,0.00,EUR,222.30,
01-04-2023,21:11,31-03-2023,,,Flatex Interest Income,,EUR,0.00,EUR,222.30,
04-01-2023,05:37,03-01-2023,,,Transfer from your Cash Account at flatexDEGIRO Bank AG: 5 EUR,,,,EUR,222.30,
04-01-2023,05:37,03-01-2023,FLATEX EURO BANKACCOUNT,NLFLATEXACNT,Degiro Cash Sweep Transfer,,EUR,5.00,EUR,227.30,
03-01-2023,14:06,31-12-2022,,,DEGIRO Exchange Connection Fee 2023 (New York Stock Exchange - NSY),,EUR,-2.50,EUR,222.30,
03-01-2023,14:06,31-12-2022,,,DEGIRO Exchange Connection Fee 2023 (Nasdaq - NDQ),,EUR,-2.50,EUR,224.80,
02-01-2023,04:21,02-01-2023,,,Flatex Interest Income,,EUR,0.00,EUR,227.30,
01-10-2022,07:50,30-09-2022,,,Flatex Interest,,EUR,-0.09,EUR,227.30,
25-08-2022,10:22,25-08-2022,TESLA,US88160R1014,STOCK SPLIT: Buy 15 Tesla@297.0967 USD (US88160R1014),,USD,-4456.45,USD,0.00,
25-08-2022,10:22,25-08-2022,TESLA,US88160R1014,STOCK SPLIT: Sell 5 Tesla@891.29 USD (US88160R1014),,USD,4456.45,USD,4456.45,
01-07-2022,14:40,30-06-2022,,,Flatex Interest,,EUR,-0.28,EUR,227.39,
01-04-2022,10:20,31-03-2022,,,Flatex Interest,,EUR,-0.02,EUR,227.67,
24-03-2022,16:47,24-03-2022,,,Transfer to your Cash Account at flatexDEGIRO Bank AG: 225.64 EUR,,,,EUR,227.69,
24-03-2022,16:47,24-03-2022,FLATEX EURO BANKACCOUNT,NLFLATEXACNT,Degiro Cash Sweep Transfer,,EUR,-225.64,EUR,2.05,
24-03-2022,08:18,23-03-2022,,,FX Credit,,EUR,225.64,EUR,227.69,
24-03-2022,08:18,23-03-2022,,,FX Debit,1.1033,USD,-248.96,USD,0.00,
23-03-2022,07:32,22-03-2022,ROCKET COMPANIES INC,US77311W1018,Dividend,,USD,292.90,USD,248.96,
23-03-2022,07:32,22-03-2022,ROCKET COMPANIES INC,US77311W1018,Dividend Tax,,USD,-43.94,USD,-43.94,
04-02-2022,10:16,03-02-2022,,,Transfer from your Cash Account at flatexDEGIRO Bank AG: 5 EUR,,,,EUR,2.05,
04-02-2022,10:16,03-02-2022,FLATEX EURO BANKACCOUNT,NLFLATEXACNT,Degiro Cash Sweep Transfer,,EUR,5.00,EUR,7.05,
03-02-2022,10:03,31-01-2022,,,DEGIRO Exchange Connection Fee 2022 (New York Stock Exchange - NSY),,EUR,-2.50,EUR,2.05,
03-02-2022,10:03,31-01-2022,,,DEGIRO Exchange Connection Fee 2022 (Nasdaq - NDQ),,EUR,-2.50,EUR,4.55,
31-12-2021,02:50,31-12-2021,,,Flatex Interest,,EUR,-0.57,EUR,7.05,
15-11-2021,13:02,12-11-2021,,,"Transfer from your Cash Account at flatexDEGIRO Bank AG: 20,270.38 EUR",,,,EUR,7.62,
15-11-2021,13:02,12-11-2021,FLATEX EURO BANKACCOUNT,NLFLATEXACNT,Degiro Cash Sweep Transfer,,EUR,20270.38,EUR,20278.00,
12-11-2021,19:48,12-11-2021,LEMONADE INC,US52567D1072,FX Credit,1.1436,USD,6368.00,USD,0.00,6159843b-1d6e-496f-8edf-3b38c20deda9
12-11-2021,19:48,12-11-2021,LEMONADE INC,US52567D1072,FX Debit,,EUR,-5568.60,EUR,7.62,6159843b-1d6e-496f-8edf-3b38c20deda9
12-11-2021,19:48,12-11-2021,LEMONADE INC,US52567D1072,DEGIRO Transaction and/or third party fees,,EUR,-0.35,EUR,5576.22,6159843b-1d6e-496f-8edf-3b38c20deda9
12-11-2021,19:48,12-11-2021,LEMONADE INC,US52567D1072,DEGIRO Transaction and/or third party fees,,EUR,-0.50,EUR,5576.57,6159843b-1d6e-496f-8edf-3b38c20deda9
12-11-2021,19:48,12-11-2021,LEMONADE INC,US52567D1072,Buy 100 Lemonade Inc@63.68 USD (US52567D1072),,USD,-6368.00,USD,-6368.00,6159843b-1d6e-496f-8edf-3b38c20deda9
12-11-2021,18:49,12-11-2021,TESLA,US88160R1014,FX Credit,1.1437,USD,5159.75,USD,0.00,cedce67a-c760-4561-bfaa-5fd52981ec4d
12-11-2021,18:49,12-11-2021,TESLA,US88160R1014,FX Debit,,EUR,-4511.63,EUR,5577.07,cedce67a-c760-4561-bfaa-5fd52981ec4d
12-11-2021,18:49,12-11-2021,TESLA,US88160R1014,DEGIRO Transaction and/or third party fees,,EUR,-0.02,EUR,10088.70,cedce67a-c760-4561-bfaa-5fd52981ec4d
12-11-2021,18:49,12-11-2021,TESLA,US88160R1014,DEGIRO Transaction and/or third party fees,,EUR,-0.50,EUR,10088.72,cedce67a-c760-4561-bfaa-5fd52981ec4d
12-11-2021,18:49,12-11-2021,TESLA,US88160R1014,"Buy 5 Tesla@1,031.95 USD (US88160R1014)",,USD,-5159.75,USD,-5159.75,cedce67a-c760-4561-bfaa-5fd52981ec4d
12-11-2021,18:45,12-11-2021,AMERICAN AIRLINES GROUP INC,US02376R1023,FX Credit,1.1438,USD,1413.12,USD,0.00,ee18c7a3-cfa2-4c29-9958-407d1e18fc49
12-11-2021,18:45,12-11-2021,AMERICAN AIRLINES GROUP INC,US02376R1023,FX Debit,,EUR,-1235.51,EUR,10089.22,ee18c7a3-cfa2-4c29-9958-407d1e18fc49
12-11-2021,18:45,12-11-2021,AMERICAN AIRLINES GROUP INC,US02376R1023,DEGIRO Transaction and/or third party fees,,EUR,-0.24,EUR,11324.73,ee18c7a3-cfa2-4c29-9958-407d1e18fc49
12-11-2021,18:45,12-11-2021,AMERICAN AIRLINES GROUP INC,US02376R1023,FX Credit,1.1438,USD,10237.50,USD,-1413.12,ee18c7a3-cfa2-4c29-9958-407d1e18fc49
12-11-2021,18:45,12-11-2021,AMERICAN AIRLINES GROUP INC,US02376R1023,FX Debit,,EUR,-8950.78,EUR,11324.97,ee18c7a3-cfa2-4c29-9958-407d1e18fc49
12-11-2021,18:45,12-11-2021,AMERICAN AIRLINES GROUP INC,US02376R1023,DEGIRO Transaction and/or third party fees,,EUR,-1.75,EUR,20275.75,ee18c7a3-cfa2-4c29-9958-407d1e18fc49
12-11-2021,18:45,12-11-2021,AMERICAN AIRLINES GROUP INC,US02376R1023,DEGIRO Transaction and/or third party fees,,EUR,-0.50,EUR,20277.50,ee18c7a3-cfa2-4c29-9958-407d1e18fc49
12-11-2021,18:45,12-11-2021,AMERICAN AIRLINES GROUP INC,US02376R1023,Buy 69 American Airlines Group Inc@20.48 USD (US02376R1023),,USD,-1413.12,USD,-11650.62,ee18c7a3-cfa2-4c29-9958-407d1e18fc49
12-11-2021,18:45,12-11-2021,AMERICAN AIRLINES GROUP INC,US02376R1023,Buy 500 American Airlines Group Inc@20.475 USD (US02376R1023),,USD,-10237.50,USD,-10237.50,ee18c7a3-cfa2-4c29-9958-407d1e18fc49
11-11-2021,11:34,10-11-2021,,,"Transfer to your Cash Account at flatexDEGIRO Bank AG: 20,258.61 EUR",,,,EUR,20278.00,
11-11-2021,11:34,10-11-2021,FLATEX EURO BANKACCOUNT,NLFLATEXACNT,Degiro Cash Sweep Transfer,,EUR,-20258.61,EUR,19.39,
10-11-2021,15:59,10-11-2021,UNITY SOFTWARE INC,US91332U1016,FX Debit,1.1573,USD,-23445.50,USD,0.00,22c8c876-8da1-4ef5-8930-fd1da5f5d470
10-11-2021,15:59,10-11-2021,UNITY SOFTWARE INC,US91332U1016,FX Credit,,EUR,20259.56,EUR,20278.00,22c8c876-8da1-4ef5-8930-fd1da5f5d470
10-11-2021,15:59,10-11-2021,UNITY SOFTWARE INC,US91332U1016,DEGIRO Transaction and/or third party fees,,EUR,-0.45,EUR,18.44,22c8c876-8da1-4ef5-8930-fd1da5f5d470
10-11-2021,15:59,10-11-2021,UNITY SOFTWARE INC,US91332U1016,DEGIRO Transaction and/or third party fees,,EUR,-0.50,EUR,18.89,22c8c876-8da1-4ef5-8930-fd1da5f5d470
10-11-2021,15:59,10-11-2021,UNITY SOFTWARE INC,US91332U1016,Sell 130 Unity Software Inc@180.35 USD (US91332U1016),,USD,23445.50,USD,23445.50,22c8c876-8da1-4ef5-8930-fd1da5f5d470
06-10-2021,11:47,05-10-2021,,,Transfer from your Cash Account at flatexDEGIRO Bank AG: 31.39 EUR,,,,EUR,19.39,
06-10-2021,11:47,05-10-2021,FLATEX EURO BANKACCOUNT,NLFLATEXACNT,Degiro Cash Sweep Transfer,,EUR,31.39,EUR,50.78,
04-10-2021,21:53,04-10-2021,AIRBNB INC,US0090661010,FX Credit,1.1607,USD,4768.18,USD,0.00,1f391c45-b004-4201-81bb-ac0ba87d0a39
04-10-2021,21:53,04-10-2021,AIRBNB INC,US0090661010,FX Debit,,EUR,-4107.89,EUR,19.39,1f391c45-b004-4201-81bb-ac0ba87d0a39
04-10-2021,21:53,04-10-2021,AIRBNB INC,US0090661010,DEGIRO Transaction and/or third party fees,,EUR,-0.10,EUR,4127.28,1f391c45-b004-4201-81bb-ac0ba87d0a39
04-10-2021,21:53,04-10-2021,AIRBNB INC,US0090661010,FX Credit,1.1607,USD,3288.00,USD,-4768.18,1f391c45-b004-4201-81bb-ac0ba87d0a39
04-10-2021,21:53,04-10-2021,AIRBNB INC,US0090661010,FX Debit,,EUR,-2832.68,EUR,4127.38,1f391c45-b004-4201-81bb-ac0ba87d0a39
04-10-2021,21:53,04-10-2021,AIRBNB INC,US0090661010,DEGIRO Transaction and/or third party fees,,EUR,-0.07,EUR,6960.06,1f391c45-b004-4201-81bb-ac0ba87d0a39
04-10-2021,21:53,04-10-2021,AIRBNB INC,US0090661010,FX Credit,1.1607,USD,5096.09,USD,-8056.18,1f391c45-b004-4201-81bb-ac0ba87d0a39
04-10-2021,21:53,04-10-2021,AIRBNB INC,US0090661010,FX Debit,,EUR,-4390.39,EUR,6960.13,1f391c45-b004-4201-81bb-ac0ba87d0a39
04-10-2021,21:53,04-10-2021,AIRBNB INC,US0090661010,DEGIRO Transaction and/or third party fees,,EUR,-0.11,EUR,11350.52,1f391c45-b004-4201-81bb-ac0ba87d0a39
04-10-2021,21:53,04-10-2021,AIRBNB INC,US0090661010,DEGIRO Transaction and/or third party fees,,EUR,-0.50,EUR,11350.63,1f391c45-b004-4201-81bb-ac0ba87d0a39
04-10-2021,21:53,04-10-2021,AIRBNB INC,US0090661010,Buy 29 Airbnb Inc@164.42 USD (US0090661010),,USD,-4768.18,USD,-13152.27,1f391c45-b004-4201-81bb-ac0ba87d0a39
04-10-2021,21:53,04-10-2021,AIRBNB INC,US0090661010,Buy 20 Airbnb Inc@164.4 USD (US0090661010),,USD,-3288.00,USD,-8384.09,1f391c45-b004-4201-81bb-ac0ba87d0a39
04-10-2021,21:53,04-10-2021,AIRBNB INC,US0090661010,Buy 31 Airbnb Inc@164.39 USD (US0090661010),,USD,-5096.09,USD,-5096.09,1f391c45-b004-4201-81bb-ac0ba87d0a39
04-10-2021,21:51,04-10-2021,UNITY SOFTWARE INC,US91332U1016,FX Credit,1.1607,USD,16751.00,USD,0.00,5458e438-7b27-4961-8b9e-80377f3e3dab
04-10-2021,21:51,04-10-2021,UNITY SOFTWARE INC,US91332U1016,FX Debit,,EUR,-14431.33,EUR,11351.13,5458e438-7b27-4961-8b9e-80377f3e3dab
04-10-2021,21:51,04-10-2021,UNITY SOFTWARE INC,US91332U1016,DEGIRO Transaction and/or third party fees,,EUR,-0.48,EUR,25782.46,5458e438-7b27-4961-
,,,,,,,,,,,8b9e-80377f3e3dab
04-10-2021,21:51,04-10-2021,UNITY SOFTWARE INC,US91332U1016,DEGIRO Transaction and/or third party fees,,EUR,-0.50,EUR,25782.94,5458e438-7b27-4961-8b9e-80377f3e3dab
04-10-2021,21:51,04-10-2021,UNITY SOFTWARE INC,US91332U1016,Buy 140 Unity Software Inc@119.65 USD (US91332U1016),,USD,-16751.00,USD,-16751.00,5458e438-7b27-4961-8b9e-80377f3e3dab
04-10-2021,15:53,04-10-2021,NOVAVAX INC,US6700024010,FX Debit,1.1640,USD,-4351.25,USD,0.00,0dfef023-d1b9-488e-af6c-642e78e260b5
04-10-2021,15:53,04-10-2021,NOVAVAX INC,US6700024010,FX Credit,,EUR,3738.31,EUR,25783.44,0dfef023-d1b9-488e-af6c-642e78e260b5
04-10-2021,15:53,04-10-2021,NOVAVAX INC,US6700024010,DEGIRO Transaction and/or third party fees,,EUR,-0.09,EUR,22045.13,0dfef023-d1b9-488e-af6c-642e78e260b5
04-10-2021,15:53,04-10-2021,NOVAVAX INC,US6700024010,DEGIRO Transaction and/or third party fees,,EUR,-0.50,EUR,22045.22,0dfef023-d1b9-488e-af6c-642e78e260b5
04-10-2021,15:53,04-10-2021,NOVAVAX INC,US6700024010,Sell 25 Novavax Inc@174.05 USD (US6700024010),,USD,4351.25,USD,4351.25,0dfef023-d1b9-488e-af6c-642e78e260b5
04-10-2021,15:53,04-10-2021,MODERNA INC,US60770K1079,FX Debit,1.1639,USD,-25600.00,USD,0.00,f242f0a9-9a7c-4a90-a85d-4b7f7ffd4df2
04-10-2021,15:53,04-10-2021,MODERNA INC,US60770K1079,FX Credit,,EUR,21995.72,EUR,22045.72,f242f0a9-9a7c-4a90-a85d-4b7f7ffd4df2
04-10-2021,15:53,04-10-2021,MODERNA INC,US60770K1079,DEGIRO Transaction and/or third party fees,,EUR,-0.28,EUR,50.00,f242f0a9-9a7c-4a90-a85d-4b7f7ffd4df2
04-10-2021,15:53,04-10-2021,MODERNA INC,US60770K1079,DEGIRO Transaction and/or third party fees,,EUR,-0.50,EUR,50.28,f242f0a9-9a7c-4a90-a85d-4b7f7ffd4df2
04-10-2021,15:53,04-10-2021,MODERNA INC,US60770K1079,Sell 80 Moderna Inc@320 USD (US60770K1079),,USD,25600.00,USD,25600.00,f242f0a9-9a7c-4a90-a85d-4b7f7ffd4df2
02-10-2021,01:10,30-09-2021,,,Flatex Interest,,EUR,-0.06,EUR,50.78,
02-07-2021,04:50,30-06-2021,,,Flatex Interest,,EUR,-0.20,EUR,50.84,
29-04-2021,10:15,29-04-2021,,,"Transfer from your Cash Account at flatexDEGIRO Bank AG: 5,449.51 EUR",,,,EUR,51.04,
29-04-2021,10:15,29-04-2021,FLATEX EURO BANKACCOUNT,NLFLATEXACNT,Degiro Cash Sweep Transfer,,EUR,5449.51,EUR,5500.55,
27-04-2021,15:41,27-04-2021,ROCKET COMPANIES INC,US77311W1018,FX Credit,1.2062,USD,6571.40,USD,0.00,53fd250e-fdf1-4928-b3e3-3bff2405fccf
27-04-2021,15:41,27-04-2021,ROCKET COMPANIES INC,US77311W1018,FX Debit,,EUR,-5448.05,EUR,51.04,53fd250e-fdf1-4928-b3e3-3bff2405fccf
27-04-2021,15:41,27-04-2021,ROCKET COMPANIES INC,US77311W1018,DEGIRO Transaction and/or third party fees,,EUR,-0.96,EUR,5499.09,53fd250e-fdf1-4928-b3e3-3bff2405fccf
27-04-2021,15:41,27-04-2021,ROCKET COMPANIES INC,US77311W1018,DEGIRO Transaction and/or third party fees,,EUR,-0.50,EUR,5500.05,53fd250e-fdf1-4928-b3e3-3bff2405fccf
27-04-2021,15:41,27-04-2021,ROCKET COMPANIES INC,US77311W1018,Buy 290 Rocket Companies Inc@22.66 USD (US77311W1018),,USD,-6571.40,USD,-6571.40,53fd250e-fdf1-4928-b3e3-3bff2405fccf
27-04-2021,10:46,27-04-2021,,,"Transfer to your Cash Account at flatexDEGIRO Bank AG: 5,481.54 EUR",,,,EUR,5500.55,
27-04-2021,10:46,27-04-2021,FLATEX EURO BANKACCOUNT,NLFLATEXACNT,Degiro Cash Sweep Transfer,,EUR,-5481.54,EUR,19.01,
26-04-2021,21:40,26-04-2021,QUANTUMSCAPE CORP,US74767V1098,FX Credit,1.2077,USD,2899.50,USD,0.00,bf8c2070-c464-49e4-9ab2-e4034381e10d
26-04-2021,21:40,26-04-2021,QUANTUMSCAPE CORP,US74767V1098,FX Debit,,EUR,-2400.86,EUR,5500.55,bf8c2070-c464-49e4-9ab2-e4034381e10d
26-04-2021,21:40,26-04-2021,QUANTUMSCAPE CORP,US74767V1098,DEGIRO Transaction and/or third party fees,,EUR,-0.25,EUR,7901.41,bf8c2070-c464-49e4-9ab2-e4034381e10d
26-04-2021,21:40,26-04-2021,QUANTUMSCAPE CORP,US74767V1098,FX Credit,1.2077,USD,7732.00,USD,-2899.50,bf8c2070-c464-49e4-9ab2-e4034381e10d
26-04-2021,21:40,26-04-2021,QUANTUMSCAPE CORP,US74767V1098,FX Debit,,EUR,-6402.30,EUR,7901.66,bf8c2070-c464-49e4-9ab2-e4034381e10d
26-04-2021,21:40,26-04-2021,QUANTUMSCAPE CORP,US74767V1098,DEGIRO Transaction and/or third party fees,,EUR,-0.66,EUR,14303.96,bf8c2070-c464-49e4-9ab2-e4034381e10d
26-04-2021,21:40,26-04-2021,QUANTUMSCAPE CORP,US74767V1098,DEGIRO Transaction and/or third party fees,,EUR,-0.50,EUR,14304.62,bf8c2070-c464-49e4-9ab2-e4034381e10d
26-04-2021,21:40,26-04-2021,QUANTUMSCAPE CORP,US74767V1098,Buy 75 Quantumscape Corp@38.66 USD (US74767V1098),,USD,-2899.50,USD,-10631.50,bf8c2070-c464-49e4-9ab2-e4034381e10d
26-04-2021,21:40,26-04-2021,QUANTUMSCAPE CORP,US74767V1098,Buy 200 Quantumscape Corp@38.66 USD (US74767V1098),,USD,-7732.00,USD,-7732.00,bf8c2070-c464-49e4-9ab2-e4034381e10d
26-04-2021,21:38,26-04-2021,PAYPAL HOLDINGS INC,US70450Y1038,FX Debit,1.2101,USD,-6223.11,USD,0.00,9558e21b-a3e6-471e-a21f-3c542156cc78
26-04-2021,21:38,26-04-2021,PAYPAL HOLDINGS INC,US70450Y1038,FX Credit,,EUR,5142.60,EUR,14305.12,9558e21b-a3e6-471e-a21f-3c542156cc78
26-04-2021,21:38,26-04-2021,PAYPAL HOLDINGS INC,US70450Y1038,DEGIRO Transaction and/or third party fees,,EUR,-0.08,EUR,9162.52,9558e21b-a3e6-471e-a21f-3c542156cc78
26-04-2021,21:38,26-04-2021,PAYPAL HOLDINGS INC,US70450Y1038,DEGIRO Transaction and/or third party fees,,EUR,-0.50,EUR,9162.60,9558e21b-a3e6-471e-a21f-3c542156cc78
26-04-2021,21:38,26-04-2021,PAYPAL HOLDINGS INC,US70450Y1038,Sell 23 PayPal Holdings Inc@270.57 USD (US70450Y1038),,USD,6223.11,USD,6223.11,9558e21b-a3e6-471e-a21f-3c542156cc78
26-04-2021,21:37,26-04-2021,MOODY'S CORP.,US6153691059,FX Debit,1.2102,USD,-3255.00,USD,0.00,2a7efbdd-f4e0-43cb-bac4-24cf6675749b
26-04-2021,21:37,26-04-2021,MOODY'S CORP.,US6153691059,FX Credit,,EUR,2689.62,EUR,9163.10,2a7efbdd-f4e0-43cb-bac4-24cf6675749b
26-04-2021,21:37,26-04-2021,MOODY'S CORP.,US6153691059,DEGIRO Transaction and/or third party fees,,EUR,-0.03,EUR,6473.48,2a7efbdd-f4e0-43cb-bac4-24cf6675749b
26-04-2021,21:37,26-04-2021,MOODY'S CORP.,US6153691059,FX Debit,1.2102,USD,-7812.00,USD,3255.00,2a7efbdd-f4e0-43cb-bac4-24cf6675749b
26-04-2021,21:37,26-04-2021,MOODY'S CORP.,US6153691059,FX Credit,,EUR,6455.08,EUR,6473.51,2a7efbdd-f4e0-43cb-bac4-24cf6675749b
26-04-2021,21:37,26-04-2021,MOODY'S CORP.,US6153691059,DEGIRO Transaction and/or third party fees,,EUR,-0.08,EUR,18.43,2a7efbdd-f4e0-43cb-bac4-24cf6675749b
26-04-2021,21:37,26-04-2021,MOODY'S CORP.,US6153691059,DEGIRO Transaction and/or third party fees,,EUR,-0.50,EUR,18.51,2a7efbdd-f4e0-43cb-bac4-24cf6675749b
26-04-2021,21:37,26-04-2021,MOODY'S CORP.,US6153691059,Sell 10 Moody's Corp.@325.5 USD (US6153691059),,USD,3255.00,USD,11067.00,2a7efbdd-f4e0-43cb-bac4-24cf6675749b
26-04-2021,21:37,26-04-2021,MOODY'S CORP.,US6153691059,Sell 24 Moody's Corp.@325.5 USD (US6153691059),,USD,7812.00,USD,7812.00,2a7efbdd-f4e0-43cb-bac4-24cf6675749b
02-04-2021,01:10,31-03-2021,,,Flatex Interest,,EUR,-1.09,EUR,19.01,
22-03-2021,11:46,22-03-2021,,,Transfer to your Cash Account at flatexDEGIRO Bank AG: 15.02 EUR,,,,EUR,20.10,
22-03-2021,11:46,22-03-2021,FLATEX EURO BANKACCOUNT,NLFLATEXACNT,Degiro Cash Sweep Transfer,,EUR,-15.02,EUR,5.08,
19-03-2021,08:36,18-03-2021,,,FX Debit,,EUR,15.02,EUR,20.10,
19-03-2021,08:36,18-03-2021,,,FX Debit,1.1928,USD,-17.92,USD,0.00,
19-03-2021,03:44,18-03-2021,MOODY'S CORP.,US6153691059,Dividend,,USD,21.08,USD,17.92,
19-03-2021,03:44,18-03-2021,MOODY'S CORP.,US6153691059,Dividend Tax,,USD,-3.16,USD,-3.16,
03-03-2021,12:02,03-03-2021,,,Transfer from your Cash Account at flatexDEGIRO Bank AG: 22.21 EUR,,,,EUR,5.08,
03-03-2021,12:02,03-03-2021,FLATEX EURO BANKACCOUNT,NLFLATEXACNT,Degiro Cash Sweep Transfer,,EUR,22.21,EUR,27.29,
02-03-2021,21:03,02-03-2021,LEMONADE INC,US52567D1072,FX Credit,1.2079,USD,6138.55,USD,0.00,c14ddb52-77aa-4978-ada9-9dca8fae3a30
02-03-2021,21:03,02-03-2021,LEMONADE INC,US52567D1072,FX Debit,,EUR,-5082.04,EUR,5.08,c14ddb52-77aa-4978-ada9-9dca8fae3a30
02-03-2021,21:03,02-03-2021,LEMONADE INC,US52567D1072,DEGIRO Transaction and/or third party fees,,EUR,-0.18,EUR,5087.12,c14ddb52-77aa-4978-ada9-9dca8fae3a30
02-03-2021,21:03,02-03-2021,LEMONADE INC,US52567D1072,DEGIRO Transaction and/or third party fees,,EUR,-0.50,EUR,5087.30,c14ddb52-77aa-4978-ada9-9dca8fae3a30
02-03-2021,21:03,02-03-2021,LEMONADE INC,US52567D1072,Buy 55 Lemonade Inc@111.61 USD (US52567D1072),,USD,-6138.55,USD,-6138.55,c14ddb52-77aa-4978-ada9-9dca8fae3a30
02-03-2021,20:45,02-03-2021,NOVAVAX INC,US6700024010,FX Credit,1.2072,USD,5150.00,USD,0.00,3606315e-c926-4a80-b0a8-b27e0c46b172
02-03-2021,20:45,02-03-2021,NOVAVAX INC,US6700024010,FX Debit,,EUR,-4266.10,EUR,5087.80,3606315e-c926-4a80-b0a8-b27e0c46b172
02-03-2021,20:45,02-03-2021,NOVAVAX INC,US6700024010,DEGIRO Transaction and/or third party fees,,EUR,-0.08,EUR,9353.90,3606315e-c926-4a80-b0a8-b27e0c46b172
02-03-2021,20:45,02-03-2021,NOVAVAX INC,US6700024010,DEGIRO Transaction and/or third party fees,,EUR,-0.50,EUR,9353.98,3606315e-c926-4a80-b0a8-b27e0c46b172
02-03-2021,20:45,02-03-2021,NOVAVAX INC,US6700024010,Buy 25 Novavax Inc@206 USD (US6700024010),,USD,-5150.00,USD,-5150.00,3606315e-c926-4a80-b0a8-b27e0c46b172
02-03-2021,20:31,02-03-2021,ROCKET COMPANIES INC,US77311W1018,FX Debit,1.2097,USD,-3700.00,USD,0.00,231089c0-6dfb-4945-9249-75f1eafceadb
02-03-2021,20:31,02-03-2021,ROCKET COMPANIES INC,US77311W1018,FX Credit,,EUR,3058.59,EUR,9354.48,231089c0-6dfb-4945-9249-75f1eafceadb
02-03-2021,20:31,02-03-2021,ROCKET COMPANIES INC,US77311W1018,DEGIRO Transaction and/or third party fees,,EUR,-0.33,EUR,6295.89,231089c0-6dfb-4945-9249-75f1eafceadb
02-03-2021,20:31,02-03-2021,ROCKET COMPANIES INC,US77311W1018,FX Debit,1.2097,USD,-185.00,USD,3700.00,231089c0-6dfb-4945-9249-75f1eafceadb
02-03-2021,20:31,02-03-2021,ROCKET COMPANIES INC,US77311W1018,FX Credit,,EUR,152.93,EUR,6296.22,231089c0-6dfb-4945-9249-75f1eafceadb
02-03-2021,20:31,02-03-2021,ROCKET COMPANIES INC,US77311W1018,DEGIRO Transaction and/or third party fees,,EUR,-0.02,EUR,6143.29,231089c0-6dfb-4945-9249-75f1eafceadb
02-03-2021,20:31,02-03-2021,ROCKET COMPANIES INC,US77311W1018,FX Debit,1.2097,USD,-3700.00,USD,3885.00,231089c0-6dfb-4945-9249-75f1eafceadb
02-03-2021,20:31,02-03-2021,ROCKET COMPANIES INC,US77311W1018,FX Credit,,EUR,3058.59,EUR,6143.31,231089c0-6dfb-4945-9249-75f1eafceadb
02-03-2021,20:31,02-03-2021,ROCKET COMPANIES INC,US77311W1018,DEGIRO Transaction and/or third party fees,,EUR,-0.33,EUR,3084.72,231089c0-6dfb-4945-9249-75f1eafceadb
02-03-2021,20:31,02-03-2021,ROCKET COMPANIES INC,US77311W1018,FX Debit,1.2097,USD,-3700.00,USD,7585.00,231089c0-6dfb-4945-9249-75f1eafceadb
02-03-2021,20:31,02-03-2021,ROCKET COMPANIES INC,US77311W1018,FX Credit,,EUR,3058.59,EUR,3085.05,231089c0-6dfb-4945-9249-75f1eafceadb
02-03-2021,20:31,02-03-2021,ROCKET COMPANIES INC,US77311W1018,DEGIRO Transaction and/or third party fees,,EUR,-0.33,EUR,26.46,231089c0-6dfb-4945-9249-75f1eafceadb
02-03-2021,20:31,02-03-2021,ROCKET COMPANIES INC,US77311W1018,DEGIRO Transaction and/or third party fees,,EUR,-0.50,EUR,26.79,231089c0-6dfb-4945-9249-75f1eafceadb
02-03-2021,20:31,02-03-2021,ROCKET COMPANIES INC,US77311W1018,Sell 100 Rocket Companies Inc@37 USD (US77311W1018),,USD,3700.00,USD,11285.00,231089c0-6dfb-4945-9249-75f1eafceadb
02-03-2021,20:31,02-03-2021,ROCKET COMPANIES INC,US77311W1018,Sell 5 Rocket Companies Inc@37 USD (US77311W1018),,USD,185.00,USD,7585.00,231089c0-6dfb-4945-
,,,,,,,,,,,9249-75f1eafceadb
02-03-2021,20:31,02-03-2021,ROCKET COMPANIES INC,US77311W1018,Sell 100 Rocket Companies Inc@37 USD (US77311W1018),,USD,3700.00,USD,7400.00,231089c0-6dfb-4945-9249-75f1eafceadb
02-03-2021,20:31,02-03-2021,ROCKET COMPANIES INC,US77311W1018,Sell 100 Rocket Companies Inc@37 USD (US77311W1018),,USD,3700.00,USD,3700.00,231089c0-6dfb-4945-9249-75f1eafceadb
10-02-2021,12:31,10-02-2021,,,Transfer from your Cash Account at flatexDEGIRO Bank AG: 28.11 EUR,,,,EUR,27.29,
10-02-2021,12:31,10-02-2021,FLATEX EURO BANKACCOUNT,NLFLATEXACNT,Degiro Cash Sweep Transfer,,EUR,28.11,EUR,55.40,
09-02-2021,17:01,09-02-2021,,,Transfer from your Cash Account at flatexDEGIRO Bank AG: 66.95 EUR,,,,EUR,27.29,
09-02-2021,17:01,09-02-2021,FLATEX EURO BANKACCOUNT,NLFLATEXACNT,Degiro Cash Sweep Transfer,,EUR,66.95,EUR,94.24,
09-02-2021,16:46,09-02-2021,MOODY'S CORP.,US6153691059,FX Credit,1.2085,USD,7050.00,USD,0.00,bd504e76-21e3-457b-b5e6-00108945c5b2
09-02-2021,16:46,09-02-2021,MOODY'S CORP.,US6153691059,FX Debit,,EUR,-5833.72,EUR,27.29,bd504e76-21e3-457b-b5e6-00108945c5b2
09-02-2021,16:46,09-02-2021,MOODY'S CORP.,US6153691059,DEGIRO Transaction and/or third party fees,,EUR,-0.08,EUR,5861.01,bd504e76-21e3-457b-b5e6-00108945c5b2
09-02-2021,16:46,09-02-2021,MOODY'S CORP.,US6153691059,FX Credit,1.2085,USD,2538.00,USD,-7050.00,bd504e76-21e3-457b-b5e6-00108945c5b2
09-02-2021,16:46,09-02-2021,MOODY'S CORP.,US6153691059,FX Debit,,EUR,-2100.14,EUR,5861.09,bd504e76-21e3-457b-b5e6-00108945c5b2
09-02-2021,16:46,09-02-2021,MOODY'S CORP.,US6153691059,DEGIRO Transaction and/or third party fees,,EUR,-0.03,EUR,7961.23,bd504e76-21e3-457b-b5e6-00108945c5b2
09-02-2021,16:46,09-02-2021,MOODY'S CORP.,US6153691059,DEGIRO Transaction and/or third party fees,,EUR,-0.50,EUR,7961.26,bd504e76-21e3-457b-b5e6-00108945c5b2
09-02-2021,16:46,09-02-2021,MOODY'S CORP.,US6153691059,Buy 25 Moody's Corp.@282 USD (US6153691059),,USD,-7050.00,USD,-9588.00,bd504e76-21e3-457b-b5e6-00108945c5b2
09-02-2021,16:46,09-02-2021,MOODY'S CORP.,US6153691059,Buy 9 Moody's Corp.@282 USD (US6153691059),,USD,-2538.00,USD,-2538.00,bd504e76-21e3-457b-b5e6-00108945c5b2
09-02-2021,16:44,09-02-2021,PAYPAL HOLDINGS INC,US70450Y1038,FX Debit,1.2110,USD,-9575.42,USD,0.00,f6be54ed-2a76-4ab6-aca8-08e1df2b0a9c
09-02-2021,16:44,09-02-2021,PAYPAL HOLDINGS INC,US70450Y1038,FX Credit,,EUR,7906.97,EUR,7961.76,f6be54ed-2a76-4ab6-aca8-08e1df2b0a9c
09-02-2021,16:44,09-02-2021,PAYPAL HOLDINGS INC,US70450Y1038,DEGIRO Transaction and/or third party fees,,EUR,-0.11,EUR,54.79,f6be54ed-2a76-4ab6-aca8-08e1df2b0a9c
09-02-2021,16:44,09-02-2021,PAYPAL HOLDINGS INC,US70450Y1038,DEGIRO Transaction and/or third party fees,,EUR,-0.50,EUR,54.90,f6be54ed-2a76-4ab6-aca8-08e1df2b0a9c
09-02-2021,16:44,09-02-2021,PAYPAL HOLDINGS INC,US70450Y1038,Sell 34 PayPal Holdings Inc@281.63 USD (US70450Y1038),,USD,9575.42,USD,9575.42,f6be54ed-2a76-4ab6-aca8-08e1df2b0a9c
08-02-2021,18:43,08-02-2021,UNITY SOFTWARE INC,US91332U1016,FX Credit,1.2038,USD,11065.12,USD,0.00,98b229e0-cf7a-43a4-9883-fdedb05870db
08-02-2021,18:43,08-02-2021,UNITY SOFTWARE INC,US91332U1016,FX Debit,,EUR,-9191.86,EUR,55.40,98b229e0-cf7a-43a4-9883-fdedb05870db
08-02-2021,18:43,08-02-2021,UNITY SOFTWARE INC,US91332U1016,DEGIRO Transaction and/or third party fees,,EUR,-0.29,EUR,9247.26,98b229e0-cf7a-43a4-9883-fdedb05870db
08-02-2021,18:43,08-02-2021,UNITY SOFTWARE INC,US91332U1016,DEGIRO Transaction and/or third party fees,,EUR,-0.50,EUR,9247.55,98b229e0-cf7a-43a4-9883-fdedb05870db
08-02-2021,18:43,08-02-2021,UNITY SOFTWARE INC,US91332U1016,Buy 88 Unity Software Inc@125.74 USD (US91332U1016),,USD,-11065.12,USD,-11065.12,98b229e0-cf7a-43a4-9883-fdedb05870db
08-02-2021,18:42,08-02-2021,QUANTUMSCAPE CORP,US74767V1098,FX Debit,1.2062,USD,-4862.00,USD,0.00,ce4d6650-1b92-49a5-b16d-911c2d0518dc
08-02-2021,18:42,08-02-2021,QUANTUMSCAPE CORP,US74767V1098,FX Credit,,EUR,4030.82,EUR,9248.05,ce4d6650-1b92-49a5-b16d-911c2d0518dc
08-02-2021,18:42,08-02-2021,QUANTUMSCAPE CORP,US74767V1098,DEGIRO Transaction and/or third party fees,,EUR,-0.37,EUR,5217.23,ce4d6650-1b92-49a5-b16d-911c2d0518dc
08-02-2021,18:42,08-02-2021,QUANTUMSCAPE CORP,US74767V1098,DEGIRO Transaction and/or third party fees,,EUR,-0.50,EUR,5217.60,ce4d6650-1b92-49a5-b16d-911c2d0518dc
08-02-2021,18:42,08-02-2021,QUANTUMSCAPE CORP,US74767V1098,Sell 110 Quantumscape Corp@44.2 USD (US74767V1098),,USD,4862.00,USD,4862.00,ce4d6650-1b92-49a5-b16d-911c2d0518dc
08-02-2021,18:37,08-02-2021,TELADOC HEALTH INC,US87918A1051,FX Debit,1.2061,USD,-6146.70,USD,0.00,c404ea8e-bf7b-456e-
,,,,,,,,,,,9874-33c5ea0ce16e
08-02-2021,18:37,08-02-2021,TELADOC HEALTH INC,US87918A1051,FX Credit,,EUR,5096.32,EUR,5218.10,c404ea8e-bf7b-456e-9874-33c5ea0ce16e
08-02-2021,18:37,08-02-2021,TELADOC HEALTH INC,US87918A1051,DEGIRO Transaction and/or third party fees,,EUR,-0.07,EUR,121.78,c404ea8e-bf7b-456e-9874-33c5ea0ce16e
08-02-2021,18:37,08-02-2021,TELADOC HEALTH INC,US87918A1051,DEGIRO Transaction and/or third party fees,,EUR,-0.50,EUR,121.85,c404ea8e-bf7b-456e-9874-33c5ea0ce16e
08-02-2021,18:37,08-02-2021,TELADOC HEALTH INC,US87918A1051,Sell 21 Teladoc Health Inc@292.7 USD (US87918A1051),,USD,6146.70,USD,6146.70,c404ea8e-bf7b-456e-9874-33c5ea0ce16e
02-02-2021,13:15,02-02-2021,,,"Transfer from your Cash Account at flatexDEGIRO Bank AG: 16,208.88 EUR",,,,EUR,122.35,
02-02-2021,13:15,02-02-2021,FLATEX EURO BANKACCOUNT,NLFLATEXACNT,Degiro Cash Sweep Transfer,,EUR,16208.88,EUR,16331.23,
01-02-2021,20:36,01-02-2021,MODERNA INC,US60770K1079,FX Credit,1.2063,USD,2844.00,USD,0.00,75818f26-1415-41e1-b898-c9b7a0cb3822
01-02-2021,20:36,01-02-2021,MODERNA INC,US60770K1079,FX Debit,,EUR,-2357.64,EUR,122.35,75818f26-1415-41e1-b898-c9b7a0cb3822
01-02-2021,20:36,01-02-2021,MODERNA INC,US60770K1079,DEGIRO Transaction and/or third party fees,,EUR,-0.06,EUR,2479.99,75818f26-1415-41e1-b898-c9b7a0cb3822
01-02-2021,20:36,01-02-2021,MODERNA INC,US60770K1079,FX Credit,1.2063,USD,316.00,USD,-2844.00,75818f26-1415-41e1-b898-c9b7a0cb3822
01-02-2021,20:36,01-02-2021,MODERNA INC,US60770K1079,FX Debit,,EUR,-261.96,EUR,2480.05,75818f26-1415-41e1-b898-c9b7a0cb3822
01-02-2021,20:36,01-02-2021,MODERNA INC,US60770K1079,DEGIRO Transaction and/or third party fees,,EUR,-0.01,EUR,2742.01,75818f26-1415-41e1-b898-c9b7a0cb3822
01-02-2021,20:36,01-02-2021,MODERNA INC,US60770K1079,FX Credit,1.2063,USD,3160.00,USD,-3160.00,75818f26-1415-41e1-b898-c9b7a0cb3822
01-02-2021,20:36,01-02-2021,MODERNA INC,US60770K1079,FX Debit,,EUR,-2619.60,EUR,2742.02,75818f26-1415-41e1-b898-c9b7a0cb3822
01-02-2021,20:36,01-02-2021,MODERNA INC,US60770K1079,DEGIRO Transaction and/or third party fees,,EUR,-0.07,EUR,5361.62,75818f26-1415-41e1-b898-c9b7a0cb3822
01-02-2021,20:36,01-02-2021,MODERNA INC,US60770K1079,DEGIRO Transaction and/or third party fees,,EUR,-0.50,EUR,5361.69,75818f26-1415-41e1-b898-c9b7a0cb3822
01-02-2021,20:36,01-02-2021,MODERNA INC,US60770K1079,Buy 18 Moderna Inc@158 USD (US60770K1079),,USD,-2844.00,USD,-6320.00,75818f26-1415-41e1-b898-c9b7a0cb3822
01-02-2021,20:36,01-02-2021,MODERNA INC,US60770K1079,Buy 2 Moderna Inc@158 USD (US60770K1079),,USD,-316.00,USD,-3476.00,75818f26-1415-41e1-b898-c9b7a0cb3822
01-02-2021,20:36,01-02-2021,MODERNA INC,US60770K1079,Buy 20 Moderna Inc@158 USD (US60770K1079),,USD,-3160.00,USD,-3160.00,75818f26-1415-41e1-b898-c9b7a0cb3822
01-02-2021,20:12,01-02-2021,CORSAIR GAMING INC,US22041X1028,FX Credit,1.2058,USD,2220.00,USD,0.00,b5119465-1712-4dda-bdbe-85ef22304e02
01-02-2021,20:12,01-02-2021,CORSAIR GAMING INC,US22041X1028,FX Debit,,EUR,-1841.11,EUR,5362.19,b5119465-1712-4dda-bdbe-85ef22304e02
01-02-2021,20:12,01-02-2021,CORSAIR GAMING INC,US22041X1028,DEGIRO Transaction and/or third party fees,,EUR,-0.20,EUR,7203.30,b5119465-1712-4dda-bdbe-85ef22304e02
01-02-2021,20:12,01-02-2021,CORSAIR GAMING INC,US22041X1028,FX Credit,1.2058,USD,3700.00,USD,-2220.00,b5119465-1712-4dda-bdbe-85ef22304e02
01-02-2021,20:12,01-02-2021,CORSAIR GAMING INC,US22041X1028,FX Debit,,EUR,-3068.52,EUR,7203.50,b5119465-1712-4dda-bdbe-85ef22304e02
01-02-2021,20:12,01-02-2021,CORSAIR GAMING INC,US22041X1028,DEGIRO Transaction and/or third party fees,,EUR,-0.33,EUR,10272.02,b5119465-1712-4dda-bdbe-85ef22304e02
01-02-2021,20:12,01-02-2021,CORSAIR GAMING INC,US22041X1028,DEGIRO Transaction and/or third party fees,,EUR,-0.50,EUR,10272.35,b5119465-1712-4dda-bdbe-85ef22304e02
01-02-2021,20:12,01-02-2021,CORSAIR GAMING INC,US22041X1028,Buy 60 Corsair Gaming Inc@37 USD (US22041X1028),,USD,-2220.00,USD,-5920.00,b5119465-1712-4dda-bdbe-85ef22304e02
01-02-2021,20:12,01-02-2021,CORSAIR GAMING INC,US22041X1028,Buy 100 Corsair Gaming Inc@37 USD (US22041X1028),,USD,-3700.00,USD,-3700.00,b5119465-1712-4dda-bdbe-85ef22304e02
01-02-2021,20:11,01-02-2021,PAYPAL HOLDINGS INC,US70450Y1038,FX Credit,1.2057,USD,7297.80,USD,0.00,7e31a09e-8085-41c7-b97a-c3042022a789
01-02-2021,20:11,01-02-2021,PAYPAL HOLDINGS INC,US70450Y1038,FX Debit,,EUR,-6052.78,EUR,10272.85,7e31a09e-8085-41c7-b97a-c3042022a789
01-02-2021,20:11,01-02-2021,PAYPAL HOLDINGS INC,US70450Y1038,DEGIRO Transaction and/or third party fees,,EUR,-0.10,EUR,16325.63,7e31a09e-8085-41c7-
,,,,,,,,,,,b97a-c3042022a789
01-02-2021,20:11,01-02-2021,PAYPAL HOLDINGS INC,US70450Y1038,DEGIRO Transaction and/or third party fees,,EUR,-0.50,EUR,16325.73,7e31a09e-8085-41c7-b97a-c3042022a789
01-02-2021,20:11,01-02-2021,PAYPAL HOLDINGS INC,US70450Y1038,Buy 30 PayPal Holdings Inc@243.26 USD (US70450Y1038),,USD,-7297.80,USD,-7297.80,7e31a09e-8085-41c7-b97a-c3042022a789
01-02-2021,12:31,01-02-2021,,,"Transfer to your Cash Account at flatexDEGIRO Bank AG: 16,272.15 EUR",,,,EUR,16326.23,
01-02-2021,12:31,01-02-2021,FLATEX EURO BANKACCOUNT,NLFLATEXACNT,Degiro Cash Sweep Transfer,,EUR,-16272.15,EUR,54.08,
31-01-2021,13:16,31-12-2020,,,DEGIRO Exchange Connection Fee 2021 (New York Stock Exchange - NSY),,EUR,-2.50,EUR,16326.23,
31-01-2021,13:16,31-12-2020,,,DEGIRO Exchange Connection Fee 2021 (Nasdaq - NDQ),,EUR,-2.50,EUR,16328.73,
29-01-2021,16:27,29-01-2021,NOVAVAX INC,US6700024010,FX Debit,1.2155,USD,-19780.00,USD,0.00,07f197c1-98b8-4ea4-b72a-9ca4611e2dc2
29-01-2021,16:27,29-01-2021,NOVAVAX INC,US6700024010,FX Credit,,EUR,16272.95,EUR,16331.23,07f197c1-98b8-4ea4-b72a-9ca4611e2dc2
29-01-2021,16:27,29-01-2021,NOVAVAX INC,US6700024010,DEGIRO Transaction and/or third party fees,,EUR,-0.30,EUR,58.28,07f197c1-98b8-4ea4-b72a-9ca4611e2dc2
29-01-2021,16:27,29-01-2021,NOVAVAX INC,US6700024010,DEGIRO Transaction and/or third party fees,,EUR,-0.50,EUR,58.58,07f197c1-98b8-4ea4-b72a-9ca4611e2dc2
29-01-2021,16:27,29-01-2021,NOVAVAX INC,US6700024010,Sell 92 Novavax Inc@215 USD (US6700024010),,USD,19780.00,USD,19780.00,07f197c1-98b8-4ea4-b72a-9ca4611e2dc2
29-01-2021,11:15,29-01-2021,,,"Transfer from your Cash Account at flatexDEGIRO Bank AG: 5,051.35 EUR",,,,EUR,59.08,
29-01-2021,11:15,29-01-2021,FLATEX EURO BANKACCOUNT,NLFLATEXACNT,Degiro Cash Sweep Transfer,,EUR,5051.35,EUR,5110.43,
28-01-2021,21:37,28-01-2021,CORSAIR GAMING INC,US22041X1028,FX Credit,1.2115,USD,2064.96,USD,0.00,5a370dd0-2150-47d6-920e-78ecc75eebba
28-01-2021,21:37,28-01-2021,CORSAIR GAMING INC,US22041X1028,FX Debit,,EUR,-1704.48,EUR,59.08,5a370dd0-2150-47d6-920e-78ecc75eebba
28-01-2021,21:37,28-01-2021,CORSAIR GAMING INC,US22041X1028,DEGIRO Transaction and/or third party fees,,EUR,-0.18,EUR,1763.56,5a370dd0-2150-47d6-920e-78ecc75eebba
28-01-2021,21:37,28-01-2021,CORSAIR GAMING INC,US22041X1028,FX Credit,1.2115,USD,4053.44,USD,-2064.96,5a370dd0-2150-47d6-920e-78ecc75eebba
28-01-2021,21:37,28-01-2021,CORSAIR GAMING INC,US22041X1028,FX Debit,,EUR,-3345.84,EUR,1763.74,5a370dd0-2150-47d6-920e-78ecc75eebba
28-01-2021,21:37,28-01-2021,CORSAIR GAMING INC,US22041X1028,DEGIRO Transaction and/or third party fees,,EUR,-0.35,EUR,5109.58,5a370dd0-2150-47d6-920e-78ecc75eebba
28-01-2021,21:37,28-01-2021,CORSAIR GAMING INC,US22041X1028,DEGIRO Transaction and/or third party fees,,EUR,-0.50,EUR,5109.93,5a370dd0-2150-47d6-920e-78ecc75eebba
28-01-2021,21:37,28-01-2021,CORSAIR GAMING INC,US22041X1028,Buy 54 Corsair Gaming Inc@38.24 USD (US22041X1028),,USD,-2064.96,USD,-6118.40,5a370dd0-2150-47d6-920e-78ecc75eebba
28-01-2021,21:37,28-01-2021,CORSAIR GAMING INC,US22041X1028,Buy 106 Corsair Gaming Inc@38.24 USD (US22041X1028),,USD,-4053.44,USD,-4053.44,5a370dd0-2150-47d6-920e-78ecc75eebba
28-01-2021,11:46,28-01-2021,,,"Transfer to your Cash Account at flatexDEGIRO Bank AG: 5,108.09 EUR",,,,EUR,5110.43,
28-01-2021,11:46,28-01-2021,FLATEX EURO BANKACCOUNT,NLFLATEXACNT,Degiro Cash Sweep Transfer,,EUR,-5108.09,EUR,2.34,
27-01-2021,19:48,27-01-2021,PAYPAL HOLDINGS INC,US70450Y1038,FX Credit,1.2103,USD,1165.00,USD,0.00,cb5fc72d-56a7-4b26-b70a-5ad11ae441a2
27-01-2021,19:48,27-01-2021,PAYPAL HOLDINGS INC,US70450Y1038,FX Debit,,EUR,-962.58,EUR,5110.43,cb5fc72d-56a7-4b26-b70a-5ad11ae441a2
27-01-2021,19:48,27-01-2021,PAYPAL HOLDINGS INC,US70450Y1038,DEGIRO Transaction and/or third party fees,,EUR,-0.02,EUR,6073.01,cb5fc72d-56a7-4b26-b70a-5ad11ae441a2
27-01-2021,19:48,27-01-2021,PAYPAL HOLDINGS INC,US70450Y1038,FX Credit,1.2103,USD,5126.00,USD,-1165.00,cb5fc72d-56a7-4b26-b70a-5ad11ae441a2
27-01-2021,19:48,27-01-2021,PAYPAL HOLDINGS INC,US70450Y1038,FX Debit,,EUR,-4235.35,EUR,6073.03,cb5fc72d-56a7-4b26-b70a-5ad11ae441a2
27-01-2021,19:48,27-01-2021,PAYPAL HOLDINGS INC,US70450Y1038,DEGIRO Transaction and/or third party fees,,EUR,-0.07,EUR,10308.38,cb5fc72d-56a7-4b26-b70a-5ad11ae441a2
27-01-2021,19:48,27-01-2021,PAYPAL HOLDINGS INC,US70450Y1038,DEGIRO Transaction and/or third party fees,,EUR,-0.50,EUR,10308.45,cb5fc72d-56a7-4b26-b70a-5ad11ae441a2
27-01-2021,19:48,27-01-2021,PAYPAL HOLDINGS INC,US70450Y1038,Buy 5 PayPal Holdings Inc@233 USD (US70450Y1038),,USD,-1165.00,USD,-6291.00,cb5fc72d-56a7-4b26-b70a-5ad11ae441a2
27-01-2021,19:48,27-01-2021,PAYPAL HOLDINGS INC,US70450Y1038,Buy 22 PayPal Holdings Inc@233 USD (US70450Y1038),,USD,-5126.00,USD,-5126.00,cb5fc72d-56a7-4b26-b70a-5ad11ae441a2
27-01-2021,17:22,27-01-2021,AMERICAN AIRLINES GROUP INC,US02376R1023,FX Debit,1.2105,USD,-3287.00,USD,0.00,fb9c7f38-a102-41d6-b962-aad333cb4849
27-01-2021,17:22,27-01-2021,AMERICAN AIRLINES GROUP INC,US02376R1023,FX Credit,,EUR,2715.39,EUR,10308.95,fb9c7f38-a102-41d6-b962-aad333cb4849
27-01-2021,17:22,27-01-2021,AMERICAN AIRLINES GROUP INC,US02376R1023,DEGIRO Transaction and/or third party fees,,EUR,-0.63,EUR,7593.56,fb9c7f38-a102-41d6-b962-aad333cb4849
27-01-2021,17:22,27-01-2021,AMERICAN AIRLINES GROUP INC,US02376R1023,FX Debit,1.2105,USD,-1730.00,USD,3287.00,fb9c7f38-a102-41d6-b962-aad333cb4849
27-01-2021,17:22,27-01-2021,AMERICAN AIRLINES GROUP INC,US02376R1023,FX Credit,,EUR,1429.15,EUR,7594.19,fb9c7f38-a102-41d6-b962-aad333cb4849
27-01-2021,17:22,27-01-2021,AMERICAN AIRLINES GROUP INC,US02376R1023,DEGIRO Transaction and/or third party fees,,EUR,-0.33,EUR,6165.04,fb9c7f38-a102-41d6-b962-aad333cb4849
27-01-2021,17:22,27-01-2021,AMERICAN AIRLINES GROUP INC,US02376R1023,FX Debit,1.2105,USD,-1730.00,USD,5017.00,fb9c7f38-a102-41d6-b962-aad333cb4849
27-01-2021,17:22,27-01-2021,AMERICAN AIRLINES GROUP INC,US02376R1023,FX Credit,,EUR,1429.15,EUR,6165.37,fb9c7f38-a102-41d6-b962-aad333cb4849
27-01-2021,17:22,27-01-2021,AMERICAN AIRLINES GROUP INC,US02376R1023,DEGIRO Transaction and/or third party fees,,EUR,-0.33,EUR,4736.22,fb9c7f38-a102-41d6-b962-aad333cb4849
27-01-2021,17:22,27-01-2021,AMERICAN AIRLINES GROUP INC,US02376R1023,DEGIRO Transaction and/or third party fees,,EUR,-0.50,EUR,4736.55,fb9c7f38-a102-41d6-b962-aad333cb4849
27-01-2021,17:22,27-01-2021,AMERICAN AIRLINES GROUP INC,US02376R1023,Sell 190 American Airlines Group Inc@17.3 USD (US02376R1023),,USD,3287.00,USD,6747.00,fb9c7f38-a102-41d6-b962-aad333cb4849
27-01-2021,17:22,27-01-2021,AMERICAN AIRLINES GROUP INC,US02376R1023,Sell 100 American Airlines Group Inc@17.3 USD (US02376R1023),,USD,1730.00,USD,3460.00,fb9c7f38-a102-41d6-b962-aad333cb4849
27-01-2021,17:22,27-01-2021,AMERICAN AIRLINES GROUP INC,US02376R1023,Sell 100 American Airlines Group Inc@17.3 USD (US02376R1023),,USD,1730.00,USD,1730.00,fb9c7f38-a102-41d6-b962-aad333cb4849
27-01-2021,17:04,27-01-2021,CORSAIR GAMING INC,US22041X1028,FX Debit,1.2106,USD,-5733.00,USD,0.00,a3b3ba58-fdc4-49f9-
,,,,,,,,,,,bce9-ad344cdf5954
27-01-2021,17:04,27-01-2021,CORSAIR GAMING INC,US22041X1028,FX Credit,,EUR,4735.63,EUR,4737.05,a3b3ba58-fdc4-49f9-bce9-ad344cdf5954
27-01-2021,17:04,27-01-2021,CORSAIR GAMING INC,US22041X1028,DEGIRO Transaction and/or third party fees,,EUR,-0.42,EUR,1.42,a3b3ba58-fdc4-49f9-bce9-ad344cdf5954
27-01-2021,17:04,27-01-2021,CORSAIR GAMING INC,US22041X1028,DEGIRO Transaction and/or third party fees,,EUR,-0.50,EUR,1.84,a3b3ba58-fdc4-49f9-bce9-ad344cdf5954
27-01-2021,17:04,27-01-2021,CORSAIR GAMING INC,US22041X1028,Sell 126 Corsair Gaming Inc@45.5 USD (US22041X1028),,USD,5733.00,USD,5733.00,a3b3ba58-fdc4-49f9-bce9-ad344cdf5954
18-01-2021,11:46,18-01-2021,,,"Transfer from your Cash Account at flatexDEGIRO Bank AG: 4,040.55 EUR",,,,EUR,2.34,
18-01-2021,11:46,18-01-2021,FLATEX EURO BANKACCOUNT,NLFLATEXACNT,Degiro Cash Sweep Transfer,,EUR,4040.55,EUR,4042.89,
15-01-2021,20:34,15-01-2021,CORSAIR GAMING INC,US22041X1028,FX Credit,1.2071,USD,4876.20,USD,0.00,8250f5d6-1497-452d-a434-debe32f584bf
15-01-2021,20:34,15-01-2021,CORSAIR GAMING INC,US22041X1028,FX Debit,,EUR,-4039.63,EUR,2.34,8250f5d6-1497-452d-a434-debe32f584bf
15-01-2021,20:34,15-01-2021,CORSAIR GAMING INC,US22041X1028,DEGIRO Transaction and/or third party fees,,EUR,-0.42,EUR,4041.97,8250f5d6-1497-452d-a434-debe32f584bf
15-01-2021,20:34,15-01-2021,CORSAIR GAMING INC,US22041X1028,DEGIRO Transaction and/or third party fees,,EUR,-0.50,EUR,4042.39,8250f5d6-1497-452d-a434-debe32f584bf
15-01-2021,20:34,15-01-2021,CORSAIR GAMING INC,US22041X1028,Buy 126 Corsair Gaming Inc@38.7 USD (US22041X1028),,USD,-4876.20,USD,-4876.20,8250f5d6-1497-452d-a434-debe32f584bf
11-01-2021,11:31,11-01-2021,,,"Transfer from your Cash Account at flatexDEGIRO Bank AG: 5,120.19 EUR",,,,EUR,4042.89,
11-01-2021,11:31,11-01-2021,FLATEX EURO BANKACCOUNT,NLFLATEXACNT,Degiro Cash Sweep Transfer,,EUR,5120.19,EUR,9163.08,
08-01-2021,21:56,08-01-2021,QUANTUMSCAPE CORP,US74767V1098,FX Credit,1.2211,USD,568.60,USD,0.00,e039052f-34d3-4afe-b971-07edbb67b467
08-01-2021,21:56,08-01-2021,QUANTUMSCAPE CORP,US74767V1098,FX Debit,,EUR,-465.65,EUR,4042.89,e039052f-34d3-4afe-b971-07edbb67b467
08-01-2021,21:56,08-01-2021,QUANTUMSCAPE CORP,US74767V1098,DEGIRO Transaction and/or third party fees,,EUR,-0.03,EUR,4508.54,e039052f-34d3-4afe-b971-07edbb67b467
08-01-2021,21:56,08-01-2021,QUANTUMSCAPE CORP,US74767V1098,FX Credit,1.2211,USD,5682.50,USD,-568.60,e039052f-34d3-4afe-b971-07edbb67b467
08-01-2021,21:56,08-01-2021,QUANTUMSCAPE CORP,US74767V1098,FX Debit,,EUR,-4653.68,EUR,4508.57,e039052f-34d3-4afe-b971-07edbb67b467
08-01-2021,21:56,08-01-2021,QUANTUMSCAPE CORP,US74767V1098,DEGIRO Transaction and/or third party fees,,EUR,-0.33,EUR,9162.25,e039052f-34d3-4afe-b971-07edbb67b467
08-01-2021,21:56,08-01-2021,QUANTUMSCAPE CORP,US74767V1098,DEGIRO Transaction and/or third party fees,,EUR,-0.50,EUR,9162.58,e039052f-34d3-4afe-b971-07edbb67b467
08-01-2021,21:56,08-01-2021,QUANTUMSCAPE CORP,US74767V1098,Buy 10 Quantumscape Corp@56.86 USD (US74767V1098),,USD,-568.60,USD,-6251.10,e039052f-34d3-4afe-b971-07edbb67b467
08-01-2021,21:56,08-01-2021,QUANTUMSCAPE CORP,US74767V1098,Buy 100 Quantumscape Corp@56.825 USD (US74767V1098),,USD,-5682.50,USD,-5682.50,e039052f-34d3-4afe-b971-07edbb67b467
08-01-2021,13:00,08-01-2021,,,"Transfer to your Cash Account at flatexDEGIRO Bank AG: 9,136.61 EUR",,,,EUR,9163.08,
08-01-2021,13:00,08-01-2021,FLATEX EURO BANKACCOUNT,NLFLATEXACNT,Degiro Cash Sweep Transfer,,EUR,-9136.61,EUR,26.47,
07-01-2021,21:25,07-01-2021,LEMONADE INC,US52567D1072,FX Debit,1.2279,USD,-11220.00,USD,0.00,504e9f9d-6de7-46d1-8e35-20fbdde6aae4
07-01-2021,21:25,07-01-2021,LEMONADE INC,US52567D1072,FX Credit,,EUR,9137.35,EUR,9163.08,504e9f9d-6de7-46d1-8e35-20fbdde6aae4
07-01-2021,21:25,07-01-2021,LEMONADE INC,US52567D1072,DEGIRO Transaction and/or third party fees,,EUR,-0.24,EUR,25.73,504e9f9d-6de7-46d1-8e35-20fbdde6aae4
07-01-2021,21:25,07-01-2021,LEMONADE INC,US52567D1072,DEGIRO Transaction and/or third party fees,,EUR,-0.50,EUR,25.97,504e9f9d-6de7-46d1-8e35-20fbdde6aae4
07-01-2021,21:25,07-01-2021,LEMONADE INC,US52567D1072,Sell 75 Lemonade Inc@149.6 USD (US52567D1072),,USD,11220.00,USD,11220.00,504e9f9d-6de7-46d1-8e35-20fbdde6aae4
31-12-2020,01:21,31-12-2020,,,Flatex Interest,,EUR,-6.14,EUR,26.47,
14-12-2020,12:30,14-12-2020,,,"Transfer from your Cash Account at flatexDEGIRO Bank AG: 11,256.06 EUR",,,,EUR,32.61,
14-12-2020,12:30,14-12-2020,FLATEX EURO BANKACCOUNT,NLFLATEXACNT,Degiro Cash Sweep Transfer,,EUR,11256.06,EUR,11288.67,
11-12-2020,20:27,11-12-2020,LEMONADE INC,US52567D1072,FX Credit,1.2105,USD,6933.75,USD,0.00,50c8a56b-6958-453d-8ebb-6665714b2e7c
11-12-2020,20:27,11-12-2020,LEMONADE INC,US52567D1072,FX Debit,,EUR,-5728.06,EUR,32.61,50c8a56b-6958-453d-8ebb-6665714b2e7c
11-12-2020,20:27,11-12-2020,LEMONADE INC,US52567D1072,DEGIRO Transaction and/or third party fees,,EUR,-0.25,EUR,5760.67,50c8a56b-6958-453d-8ebb-6665714b2e7c
11-12-2020,20:27,11-12-2020,LEMONADE INC,US52567D1072,DEGIRO Transaction and/or third party fees,,EUR,-0.50,EUR,5760.92,50c8a56b-6958-453d-8ebb-6665714b2e7c
11-12-2020,20:27,11-12-2020,LEMONADE INC,US52567D1072,Buy 75 Lemonade Inc@92.45 USD (US52567D1072),,USD,-6933.75,USD,-6933.75,50c8a56b-6958-453d-8ebb-6665714b2e7c
11-12-2020,20:26,11-12-2020,AMERICAN AIRLINES GROUP INC,US02376R1023,FX Credit,1.2105,USD,3258.50,USD,0.00,d3832f5d-dcf4-4d4f-b37c-eda8e4ad2a0c
11-12-2020,20:26,11-12-2020,AMERICAN AIRLINES GROUP INC,US02376R1023,FX Debit,,EUR,-2691.89,EUR,5761.42,d3832f5d-dcf4-4d4f-b37c-eda8e4ad2a0c
11-12-2020,20:26,11-12-2020,AMERICAN AIRLINES GROUP INC,US02376R1023,DEGIRO Transaction and/or third party fees,,EUR,-0.63,EUR,8453.31,d3832f5d-dcf4-4d4f-b37c-eda8e4ad2a0c
11-12-2020,20:26,11-12-2020,AMERICAN AIRLINES GROUP INC,US02376R1023,FX Credit,1.2105,USD,3430.00,USD,-3258.50,d3832f5d-dcf4-4d4f-b37c-eda8e4ad2a0c
11-12-2020,20:26,11-12-2020,AMERICAN AIRLINES GROUP INC,US02376R1023,FX Debit,,EUR,-2833.57,EUR,8453.94,d3832f5d-dcf4-4d4f-b37c-eda8e4ad2a0c
11-12-2020,20:26,11-12-2020,AMERICAN AIRLINES GROUP INC,US02376R1023,DEGIRO Transaction and/or third party fees,,EUR,-0.66,EUR,11287.51,d3832f5d-dcf4-4d4f-b37c-eda8e4ad2a0c
11-12-2020,20:26,11-12-2020,AMERICAN AIRLINES GROUP INC,US02376R1023,DEGIRO Transaction and/or third party fees,,EUR,-0.50,EUR,11288.17,d3832f5d-dcf4-4d4f-b37c-eda8e4ad2a0c
11-12-2020,20:26,11-12-2020,AMERICAN AIRLINES GROUP INC,US02376R1023,Buy 190 American Airlines Group Inc@17.15 USD (US02376R1023),,USD,-3258.50,USD,-6688.50,d3832f5d-dcf4-4d4f-b37c-eda8e4ad2a0c
11-12-2020,20:26,11-12-2020,AMERICAN AIRLINES GROUP INC,US02376R1023,Buy 200 American Airlines Group Inc@17.15 USD (US02376R1023),,USD,-3430.00,USD,-3430.00,d3832f5d-dcf4-4d4f-b37c-eda8e4ad2a0c
10-12-2020,11:00,10-12-2020,,,Transfer to your Cash Account at flatexDEGIRO Bank AG: 65.57 EUR,,,,EUR,11288.67,
10-12-2020,11:00,10-12-2020,FLATEX EURO BANKACCOUNT,NLFLATEXACNT,Degiro Cash Sweep Transfer,,EUR,-65.57,EUR,11223.10,
09-12-2020,21:03,09-12-2020,MODERNA INC,US60770K1079,FX Credit,1.2059,USD,6295.60,USD,0.00,4b8837ec-ceb8-4a03-8f57-08390d61770c
09-12-2020,21:03,09-12-2020,MODERNA INC,US60770K1079,FX Debit,,EUR,-5220.70,EUR,11288.67,4b8837ec-ceb8-4a03-8f57-08390d61770c
09-12-2020,21:03,09-12-2020,MODERNA INC,US60770K1079,DEGIRO Transaction and/or third party fees,,EUR,-0.13,EUR,16509.37,4b8837ec-ceb8-4a03-8f57-08390d61770c
09-12-2020,21:03,09-12-2020,MODERNA INC,US60770K1079,DEGIRO Transaction and/or third party fees,,EUR,-0.50,EUR,16509.50,4b8837ec-ceb8-4a03-8f57-08390d61770c
09-12-2020,21:03,09-12-2020,MODERNA INC,US60770K1079,Buy 40 Moderna Inc@157.39 USD (US60770K1079),,USD,-6295.60,USD,-6295.60,4b8837ec-ceb8-4a03-8f57-08390d61770c
09-12-2020,17:43,09-12-2020,LOWE'S COMPANIES,US5486611073,FX Debit,1.2091,USD,-6393.20,USD,0.00,b9d2dbff-58b5-4998-a774-9e80eddcf699
09-12-2020,17:43,09-12-2020,LOWE'S COMPANIES,US5486611073,FX Credit,,EUR,5287.53,EUR,16510.00,b9d2dbff-58b5-4998-a774-9e80eddcf699
09-12-2020,17:43,09-12-2020,LOWE'S COMPANIES,US5486611073,DEGIRO Transaction and/or third party fees,,EUR,-0.13,EUR,11222.47,b9d2dbff-58b5-4998-a774-9e80eddcf699
09-12-2020,17:43,09-12-2020,LOWE'S COMPANIES,US5486611073,DEGIRO Transaction and/or third party fees,,EUR,-0.50,EUR,11222.60,b9d2dbff-58b5-4998-a774-9e80eddcf699
09-12-2020,17:43,09-12-2020,LOWE'S COMPANIES,US5486611073,Sell 40 Lowe's Companies@159.83 USD (US5486611073),,USD,6393.20,USD,6393.20,b9d2dbff-58b5-4998-a774-9e80eddcf699
09-12-2020,09:10,09-12-2020,,,flatex Deposit,,EUR,5000.00,EUR,11223.10,
04-12-2020,14:54,04-12-2020,,,"Transfer to your Cash Account at flatexDEGIRO Bank AG: 6,121.85 EUR",,,,EUR,6223.10,
04-12-2020,14:54,04-12-2020,FLATEX EURO BANKACCOUNT,NLFLATEXACNT,Degiro Cash Sweep Transfer,,EUR,-6121.85,EUR,101.25,
03-12-2020,19:17,03-12-2020,LEMONADE INC,US52567D1072,FX Debit,1.2149,USD,-7438.50,USD,0.00,2e706718-9c17-4174-bfbd-44f039232073
03-12-2020,19:17,03-12-2020,LEMONADE INC,US52567D1072,FX Credit,,EUR,6122.66,EUR,6223.10,2e706718-9c17-4174-bfbd-44f039232073
03-12-2020,19:17,03-12-2020,LEMONADE INC,US52567D1072,DEGIRO Transaction and/or third party fees,,EUR,-0.31,EUR,100.44,2e706718-9c17-4174-bfbd-44f039232073
03-12-2020,19:17,03-12-2020,LEMONADE INC,US52567D1072,DEGIRO Transaction and/or third party fees,,EUR,-0.50,EUR,100.75,2e706718-9c17-4174-bfbd-44f039232073
03-12-2020,19:17,03-12-2020,LEMONADE INC,US52567D1072,Sell 95 Lemonade Inc@78.3 USD (US52567D1072),,USD,7438.50,USD,7438.50,2e706718-9c17-4174-bfbd-44f039232073
03-12-2020,11:15,03-12-2020,,,Transfer to your Cash Account at flatexDEGIRO Bank AG: 57.81 EUR,,,,EUR,101.25,
03-12-2020,11:15,03-12-2020,FLATEX EURO BANKACCOUNT,NLFLATEXACNT,Degiro Cash Sweep Transfer,,EUR,-57.81,EUR,43.44,
03-12-2020,07:39,02-12-2020,,,FX Debit,,EUR,57.81,EUR,101.25,
03-12-2020,07:39,02-12-2020,,,FX Debit,1.2127,USD,-70.12,USD,0.00,
02-12-2020,13:16,02-12-2020,,,"Transfer from your Cash Account at flatexDEGIRO Bank AG: 9,976.36 EUR",,,,EUR,43.44,
02-12-2020,13:16,02-12-2020,FLATEX EURO BANKACCOUNT,NLFLATEXACNT,Degiro Cash Sweep Transfer,,EUR,9976.36,EUR,10019.80,
02-12-2020,08:37,01-12-2020,INTEL CORP,US4581401001,Dividend,,USD,82.50,USD,70.12,
02-12-2020,08:37,01-12-2020,INTEL CORP,US4581401001,Dividend Tax,,USD,-12.38,USD,-12.38,
01-12-2020,17:31,01-12-2020,LEMONADE INC,US52567D1072,FX Credit,1.2035,USD,2340.00,USD,0.00,3e18c40d-3bfc-4869-8d05-dca9c8564809
01-12-2020,17:31,01-12-2020,LEMONADE INC,US52567D1072,FX Debit,,EUR,-1944.34,EUR,43.44,3e18c40d-3bfc-4869-8d05-dca9c8564809
01-12-2020,17:31,01-12-2020,LEMONADE INC,US52567D1072,DEGIRO Transaction and/or third party fees,,EUR,-0.12,EUR,1987.78,3e18c40d-3bfc-4869-8d05-dca9c8564809
01-12-2020,17:31,01-12-2020,LEMONADE INC,US52567D1072,FX Credit,1.2035,USD,3835.00,USD,-2340.00,3e18c40d-3bfc-4869-8d05-dca9c8564809
01-12-2020,17:31,01-12-2020,LEMONADE INC,US52567D1072,FX Debit,,EUR,-3186.55,EUR,1987.90,3e18c40d-3bfc-4869-8d05-dca9c8564809
01-12-2020,17:31,01-12-2020,LEMONADE INC,US52567D1072,DEGIRO Transaction and/or third party fees,,EUR,-0.20,EUR,5174.45,3e18c40d-3bfc-4869-8d05-dca9c8564809
01-12-2020,17:31,01-12-2020,LEMONADE INC,US52567D1072,DEGIRO Transaction and/or third party fees,,EUR,-0.50,EUR,5174.65,3e18c40d-3bfc-4869-8d05-dca9c8564809
01-12-2020,17:31,01-12-2020,LEMONADE INC,US52567D1072,Buy 36 Lemonade Inc@65 USD (US52567D1072),,USD,-2340.00,USD,-6175.00,3e18c40d-3bfc-4869-8d05-dca9c8564809
01-12-2020,17:31,01-12-2020,LEMONADE INC,US52567D1072,Buy 59 Lemonade Inc@65 USD (US52567D1072),,USD,-3835.00,USD,-3835.00,3e18c40d-3bfc-4869-8d05-dca9c8564809
01-12-2020,17:23,01-12-2020,ROCKET COMPANIES INC,US77311W1018,FX Credit,1.2041,USD,102.00,USD,0.00,8af5f2f2-e020-4c57-8c4d-44601af9543e
01-12-2020,17:23,01-12-2020,ROCKET COMPANIES INC,US77311W1018,FX Debit,,EUR,-84.71,EUR,5175.15,8af5f2f2-e020-4c57-8c4d-44601af9543e
01-12-2020,17:23,01-12-2020,ROCKET COMPANIES INC,US77311W1018,DEGIRO Transaction and/or third party fees,,EUR,-0.02,EUR,5259.86,8af5f2f2-e020-4c57-8c4d-44601af9543e
01-12-2020,17:23,01-12-2020,ROCKET COMPANIES INC,US77311W1018,FX Credit,1.2041,USD,2040.00,USD,-102.00,8af5f2f2-e020-4c57-8c4d-44601af9543e
01-12-2020,17:23,01-12-2020,ROCKET COMPANIES INC,US77311W1018,FX Debit,,EUR,-1694.22,EUR,5259.88,8af5f2f2-e020-4c57-8c4d-44601af9543e
01-12-2020,17:23,01-12-2020,ROCKET COMPANIES INC,US77311W1018,DEGIRO Transaction and/or third party fees,,EUR,-0.33,EUR,6954.10,8af5f2f2-e020-4c57-8c4d-44601af9543e
01-12-2020,17:23,01-12-2020,ROCKET COMPANIES INC,US77311W1018,FX Credit,1.2041,USD,4080.00,USD,-2142.00,8af5f2f2-e020-4c57-8c4d-44601af9543e
01-12-2020,17:23,01-12-2020,ROCKET COMPANIES INC,US77311W1018,FX Debit,,EUR,-3388.44,EUR,6954.43,8af5f2f2-e020-4c57-8c4d-44601af9543e
01-12-2020,17:23,01-12-2020,ROCKET COMPANIES INC,US77311W1018,DEGIRO Transaction and/or third party fees,,EUR,-0.66,EUR,10342.87,8af5f2f2-e020-4c57-8c4d-44601af9543e
01-12-2020,17:23,01-12-2020,ROCKET COMPANIES INC,US77311W1018,DEGIRO Transaction and/or third party fees,,EUR,-0.50,EUR,10343.53,8af5f2f2-e020-4c57-8c4d-44601af9543e
01-12-2020,17:23,01-12-2020,ROCKET COMPANIES INC,US77311W1018,Buy 5 Rocket Companies Inc@20.4 USD (US77311W1018),,USD,-102.00,USD,-6222.00,8af5f2f2-e020-4c57-8c4d-44601af9543e
01-12-2020,17:23,01-12-2020,ROCKET COMPANIES INC,US77311W1018,Buy 100 Rocket Companies Inc@20.4 USD (US77311W1018),,USD,-2040.00,USD,-6120.00,8af5f2f2-e020-4c57-8c4d-44601af9543e
01-12-2020,17:23,01-12-2020,ROCKET COMPANIES INC,US77311W1018,Buy 200 Rocket Companies Inc@20.4 USD,,USD,-4080.00,USD,-4080.00,8af5f2f2-e020-4c57-
,,,,,(US77311W1018),,,,,,8c4d-44601af9543e
01-12-2020,17:14,01-12-2020,INTEL CORP,US4581401001,FX Debit,1.2056,USD,-12405.25,USD,0.00,a103cf7e-2ff8-473e-aab3-a91611f5cdf8
01-12-2020,17:14,01-12-2020,INTEL CORP,US4581401001,FX Credit,,EUR,10289.65,EUR,10344.03,a103cf7e-2ff8-473e-aab3-a91611f5cdf8
01-12-2020,17:14,01-12-2020,INTEL CORP,US4581401001,DEGIRO Transaction and/or third party fees,,EUR,-0.83,EUR,54.38,a103cf7e-2ff8-473e-aab3-a91611f5cdf8
01-12-2020,17:14,01-12-2020,INTEL CORP,US4581401001,DEGIRO Transaction and/or third party fees,,EUR,-0.50,EUR,55.21,a103cf7e-2ff8-473e-aab3-a91611f5cdf8
01-12-2020,17:14,01-12-2020,INTEL CORP,US4581401001,Sell 250 Intel Corp@49.621 USD (US4581401001),,USD,12405.25,USD,12405.25,a103cf7e-2ff8-473e-aab3-a91611f5cdf8
01-12-2020,17:11,01-12-2020,NOVAVAX INC,US6700024010,FX Credit,1.2033,USD,11985.76,USD,0.00,d8139a21-8118-4620-9113-c6a004338d9a
01-12-2020,17:11,01-12-2020,NOVAVAX INC,US6700024010,FX Debit,,EUR,-9960.78,EUR,55.71,d8139a21-8118-4620-9113-c6a004338d9a
01-12-2020,17:11,01-12-2020,NOVAVAX INC,US6700024010,DEGIRO Transaction and/or third party fees,,EUR,-0.31,EUR,10016.49,d8139a21-8118-4620-9113-c6a004338d9a
01-12-2020,17:11,01-12-2020,NOVAVAX INC,US6700024010,DEGIRO Transaction and/or third party fees,,EUR,-0.50,EUR,10016.80,d8139a21-8118-4620-9113-c6a004338d9a
01-12-2020,17:11,01-12-2020,NOVAVAX INC,US6700024010,Buy 92 Novavax Inc@130.28 USD (US6700024010),,USD,-11985.76,USD,-11985.76,d8139a21-8118-4620-9113-c6a004338d9a
01-12-2020,10:54,30-11-2020,,,DEGIRO Exchange Connection Fee 2020 (New York Stock Exchange - NSY),,EUR,-2.50,EUR,10017.30,
25-11-2020,12:45,25-11-2020,,,"Transfer from your Cash Account at flatexDEGIRO Bank AG: 10,177.58 EUR",,,,EUR,10019.80,
25-11-2020,12:45,25-11-2020,FLATEX EURO BANKACCOUNT,NLFLATEXACNT,Degiro Cash Sweep Transfer,,EUR,10177.58,EUR,20197.38,
24-11-2020,20:40,24-11-2020,TELADOC HEALTH INC,US87918A1051,FX Credit,1.1867,USD,12077.00,USD,0.00,d078badc-fae0-44df-a526-a18d68dee1b9
24-11-2020,20:40,24-11-2020,TELADOC HEALTH INC,US87918A1051,FX Debit,,EUR,-10176.86,EUR,10019.80,d078badc-fae0-44df-a526-a18d68dee1b9
24-11-2020,20:40,24-11-2020,TELADOC HEALTH INC,US87918A1051,DEGIRO Transaction and/or third party fees,,EUR,-0.22,EUR,20196.66,d078badc-fae0-44df-a526-a18d68dee1b9
24-11-2020,20:40,24-11-2020,TELADOC HEALTH INC,US87918A1051,DEGIRO Transaction and/or third party fees,,EUR,-0.50,EUR,20196.88,d078badc-fae0-44df-a526-a18d68dee1b9
24-11-2020,20:40,24-11-2020,TELADOC HEALTH INC,US87918A1051,Buy 65 Teladoc Health Inc@185.8 USD (US87918A1051),,USD,-12077.00,USD,-12077.00,d078badc-fae0-44df-a526-a18d68dee1b9
23-11-2020,10:45,23-11-2020,,,"Transfer to your Cash Account at flatexDEGIRO Bank AG: 5,532.17 EUR",,,,EUR,20197.38,
23-11-2020,10:45,23-11-2020,FLATEX EURO BANKACCOUNT,NLFLATEXACNT,Degiro Cash Sweep Transfer,,EUR,-5532.17,EUR,14665.21,
19-11-2020,18:39,19-11-2020,MODERNA INC,US60770K1079,FX Debit,1.1861,USD,-6562.50,USD,0.00,08b04f7c-c4f7-4243-8bbc-39ad2ece9075
19-11-2020,18:39,19-11-2020,MODERNA INC,US60770K1079,FX Credit,,EUR,5532.91,EUR,20197.38,08b04f7c-c4f7-4243-8bbc-39ad2ece9075
19-11-2020,18:39,19-11-2020,MODERNA INC,US60770K1079,DEGIRO Transaction and/or third party fees,,EUR,-0.24,EUR,14664.47,08b04f7c-c4f7-4243-8bbc-39ad2ece9075
19-11-2020,18:39,19-11-2020,MODERNA INC,US60770K1079,DEGIRO Transaction and/or third party fees,,EUR,-0.50,EUR,14664.71,08b04f7c-c4f7-4243-8bbc-39ad2ece9075
19-11-2020,18:39,19-11-2020,MODERNA INC,US60770K1079,Sell 70 Moderna Inc@93.75 USD (US60770K1079),,USD,6562.50,USD,6562.50,08b04f7c-c4f7-4243-8bbc-39ad2ece9075
19-11-2020,13:15,19-11-2020,,,"Transfer from your Cash Account at flatexDEGIRO Bank AG: 10,394.86 EUR",,,,EUR,14665.21,
19-11-2020,13:15,19-11-2020,FLATEX EURO BANKACCOUNT,NLFLATEXACNT,Degiro Cash Sweep Transfer,,EUR,10394.86,EUR,25060.07,
18-11-2020,17:37,18-11-2020,MODERNA INC,US60770K1079,FX Credit,1.1854,USD,1440.80,USD,0.00,7cf52a19-a419-4be7-9f34-bb5af9d5f348
18-11-2020,17:37,18-11-2020,MODERNA INC,US60770K1079,FX Debit,,EUR,-1215.44,EUR,14665.21,7cf52a19-a419-4be7-9f34-bb5af9d5f348
18-11-2020,17:37,18-11-2020,MODERNA INC,US60770K1079,DEGIRO Transaction and/or third party fees,,EUR,-0.05,EUR,15880.65,7cf52a19-a419-4be7-9f34-bb5af9d5f348
18-11-2020,17:37,18-11-2020,MODERNA INC,US60770K1079,FX Credit,1.1854,USD,3151.75,USD,-1440.80,7cf52a19-a419-4be7-9f34-bb5af9d5f348
18-11-2020,17:37,18-11-2020,MODERNA INC,US60770K1079,FX Debit,,EUR,-2658.78,EUR,15880.70,7cf52a19-a419-4be7-9f34-bb5af9d5f348
18-11-2020,17:37,18-11-2020,MODERNA INC,US60770K1079,DEGIRO Transaction and/or third party fees,,EUR,-0.12,EUR,18539.48,7cf52a19-a419-4be7-9f34-bb5af9d5f348
18-11-2020,17:37,18-11-2020,MODERNA INC,US60770K1079,FX Credit,1.1854,USD,1710.95,USD,-4592.55,7cf52a19-a419-4be7-9f34-bb5af9d5f348
18-11-2020,17:37,18-11-2020,MODERNA INC,US60770K1079,FX Debit,,EUR,-1443.34,EUR,18539.60,7cf52a19-a419-4be7-9f34-bb5af9d5f348
18-11-2020,17:37,18-11-2020,MODERNA INC,US60770K1079,DEGIRO Transaction and/or third party fees,,EUR,-0.06,EUR,19982.94,7cf52a19-a419-4be7-9f34-bb5af9d5f348
18-11-2020,17:37,18-11-2020,MODERNA INC,US60770K1079,DEGIRO Transaction and/or third party fees,,EUR,-0.50,EUR,19983.00,7cf52a19-a419-4be7-9f34-bb5af9d5f348
18-11-2020,17:37,18-11-2020,MODERNA INC,US60770K1079,Buy 16 Moderna Inc@90.05 USD (US60770K1079),,USD,-1440.80,USD,-6303.50,7cf52a19-a419-4be7-9f34-bb5af9d5f348
18-11-2020,17:37,18-11-2020,MODERNA INC,US60770K1079,Buy 35 Moderna Inc@90.05 USD (US60770K1079),,USD,-3151.75,USD,-4862.70,7cf52a19-a419-4be7-9f34-bb5af9d5f348
18-11-2020,17:37,18-11-2020,MODERNA INC,US60770K1079,Buy 19 Moderna Inc@90.05 USD (US60770K1079),,USD,-1710.95,USD,-1710.95,7cf52a19-a419-4be7-9f34-bb5af9d5f348
18-11-2020,17:31,18-11-2020,,,"Transfer to your Cash Account at flatexDEGIRO Bank AG: 12,684.37 EUR",,,,EUR,19983.50,
18-11-2020,17:31,18-11-2020,FLATEX EURO BANKACCOUNT,NLFLATEXACNT,Degiro Cash Sweep Transfer,,EUR,-12684.37,EUR,7299.13,
18-11-2020,17:28,18-11-2020,LOWE'S COMPANIES,US5486611073,FX Credit,1.1855,USD,6017.60,USD,0.00,1432d44f-a467-43f7-840e-105c4273751a
18-11-2020,17:28,18-11-2020,LOWE'S COMPANIES,US5486611073,FX Debit,,EUR,-5075.94,EUR,19983.50,1432d44f-a467-43f7-840e-105c4273751a
18-11-2020,17:28,18-11-2020,LOWE'S COMPANIES,US5486611073,DEGIRO Transaction and/or third party fees,,EUR,-0.13,EUR,25059.44,1432d44f-a467-43f7-840e-105c4273751a
18-11-2020,17:28,18-11-2020,LOWE'S COMPANIES,US5486611073,DEGIRO Transaction and/or third party fees,,EUR,-0.50,EUR,25059.57,1432d44f-a467-43f7-840e-105c4273751a
18-11-2020,17:28,18-11-2020,LOWE'S COMPANIES,US5486611073,Buy 40 Lowe's Companies@150.44 USD (US5486611073),,USD,-6017.60,USD,-6017.60,1432d44f-a467-43f7-840e-105c4273751a
18-11-2020,15:57,17-11-2020,,,"Transfer to your Cash Account at flatexDEGIRO Bank AG: 12,020.64 EUR",,,,EUR,25060.07,
18-11-2020,15:57,17-11-2020,FLATEX EURO BANKACCOUNT,NLFLATEXACNT,Degiro Cash Sweep Transfer,,EUR,-12020.64,EUR,13039.43,
17-11-2020,16:59,17-11-2020,ROCKET COMPANIES INC,US77311W1018,FX Debit,1.1887,USD,-5941.00,USD,0.00,b13e2f66-e4ca-4986-9736-384d263ee88d
17-11-2020,16:59,17-11-2020,ROCKET COMPANIES INC,US77311W1018,FX Credit,,EUR,4997.95,EUR,25060.07,b13e2f66-e4ca-4986-9736-384d263ee88d
17-11-2020,16:59,17-11-2020,ROCKET COMPANIES INC,US77311W1018,DEGIRO Transaction and/or third party fees,,EUR,-0.88,EUR,20062.12,b13e2f66-e4ca-4986-9736-384d263ee88d
17-11-2020,16:59,17-11-2020,ROCKET COMPANIES INC,US77311W1018,FX Debit,1.1887,USD,-6855.00,USD,5941.00,b13e2f66-e4ca-4986-9736-384d263ee88d
17-11-2020,16:59,17-11-2020,ROCKET COMPANIES INC,US77311W1018,FX Credit,,EUR,5766.86,EUR,20063.00,b13e2f66-e4ca-4986-9736-384d263ee88d
17-11-2020,16:59,17-11-2020,ROCKET COMPANIES INC,US77311W1018,DEGIRO Transaction and/or third party fees,,EUR,-1.01,EUR,14296.14,b13e2f66-e4ca-4986-9736-384d263ee88d
17-11-2020,16:59,17-11-2020,ROCKET COMPANIES INC,US77311W1018,Sell 260 Rocket Companies Inc@22.85 USD (US77311W1018),,USD,5941.00,USD,12796.00,b13e2f66-e4ca-4986-9736-384d263ee88d
17-11-2020,16:59,17-11-2020,ROCKET COMPANIES INC,US77311W1018,Sell 300 Rocket Companies Inc@22.85 USD (US77311W1018),,USD,6855.00,USD,6855.00,b13e2f66-e4ca-4986-9736-384d263ee88d
17-11-2020,16:59,17-11-2020,ROCKET COMPANIES INC,US77311W1018,FX Debit,1.1887,USD,-2285.00,USD,0.00,b13e2f66-e4ca-4986-9736-384d263ee88d
17-11-2020,16:59,17-11-2020,ROCKET COMPANIES INC,US77311W1018,FX Credit,,EUR,1922.29,EUR,14297.15,b13e2f66-e4ca-4986-9736-384d263ee88d
17-11-2020,16:59,17-11-2020,ROCKET COMPANIES INC,US77311W1018,DEGIRO Transaction and/or third party fees,,EUR,-0.34,EUR,12374.86,b13e2f66-e4ca-4986-9736-384d263ee88d
17-11-2020,16:59,17-11-2020,ROCKET COMPANIES INC,US77311W1018,DEGIRO Transaction and/or third party fees,,EUR,-0.50,EUR,12375.20,b13e2f66-e4ca-4986-9736-384d263ee88d
17-11-2020,16:59,17-11-2020,ROCKET COMPANIES INC,US77311W1018,Sell 100 Rocket Companies Inc@22.85 USD (US77311W1018),,USD,2285.00,USD,2285.00,b13e2f66-e4ca-4986-9736-384d263ee88d
16-11-2020,19:05,16-11-2020,AMERICAN AIRLINES GROUP INC,US02376R1023,FX Debit,1.1854,USD,-14254.13,USD,0.00,ae25dbdf-e9d1-4b32-979e-48f3aa0bc670
16-11-2020,19:05,16-11-2020,AMERICAN AIRLINES GROUP INC,US02376R1023,FX Credit,,EUR,12024.90,EUR,12375.70,ae25dbdf-e9d1-4b32-979e-48f3aa0bc670
16-11-2020,19:05,16-11-2020,AMERICAN AIRLINES GROUP INC,US02376R1023,DEGIRO Transaction and/or third party fees,,EUR,-3.76,EUR,350.80,ae25dbdf-e9d1-4b32-979e-48f3aa0bc670
16-11-2020,19:05,16-11-2020,AMERICAN AIRLINES GROUP INC,US02376R1023,DEGIRO Transaction and/or third party fees,,EUR,-0.50,EUR,354.56,ae25dbdf-e9d1-4b32-979e-48f3aa0bc670
16-11-2020,19:05,16-11-2020,AMERICAN AIRLINES GROUP INC,US02376R1023,"Sell 1,111 American Airlines Group Inc@12.83 USD (US02376R1023)",,USD,14254.13,USD,14254.13,ae25dbdf-e9d1-4b32-979e-48f3aa0bc670
12-11-2020,11:00,12-11-2020,,,"Transfer from your Cash Account at flatexDEGIRO Bank AG: 11,536.94 EUR",,,,EUR,355.06,
12-11-2020,11:00,12-11-2020,FLATEX EURO BANKACCOUNT,NLFLATEXACNT,Degiro Cash Sweep Transfer,,EUR,11536.94,EUR,11892.00,
11-11-2020,16:36,11-11-2020,AMERICAN AIRLINES GROUP INC,US02376R1023,FX Credit,1.1743,USD,13543.09,USD,0.00,e45d2ed3-c89a-461c-bcc8-a8f9b291ec55
11-11-2020,16:36,11-11-2020,AMERICAN AIRLINES GROUP INC,US02376R1023,FX Debit,,EUR,-11532.66,EUR,355.06,e45d2ed3-c89a-461c-bcc8-a8f9b291ec55
11-11-2020,16:36,11-11-2020,AMERICAN AIRLINES GROUP INC,US02376R1023,DEGIRO Transaction and/or third party fees,,EUR,-3.78,EUR,11887.72,e45d2ed3-c89a-461c-bcc8-a8f9b291ec55
11-11-2020,16:36,11-11-2020,AMERICAN AIRLINES GROUP INC,US02376R1023,DEGIRO Transaction and/or third party fees,,EUR,-0.50,EUR,11891.50,e45d2ed3-c89a-461c-bcc8-a8f9b291ec55
11-11-2020,16:36,11-11-2020,AMERICAN AIRLINES GROUP INC,US02376R1023,"Buy 1,111 American Airlines Group Inc@12.19 USD (US02376R1023)",,USD,-13543.09,USD,-13543.09,e45d2ed3-c89a-461c-bcc8-a8f9b291ec55
10-11-2020,12:15,10-11-2020,,,"Transfer to your Cash Account at flatexDEGIRO Bank AG: 11,824.6 EUR",,,,EUR,11892.00,
10-11-2020,12:15,10-11-2020,FLATEX EURO BANKACCOUNT,NLFLATEXACNT,Degiro Cash Sweep Transfer,,EUR,-11824.60,EUR,67.40,
09-11-2020,15:38,09-11-2020,AMERICAN AIRLINES GROUP INC,US02376R1023,FX Debit,1.1920,USD,-2820.00,USD,0.00,ecd2d749-640d-48ed-911b-ac2bed5955ed
09-11-2020,15:38,09-11-2020,AMERICAN AIRLINES GROUP INC,US02376R1023,FX Credit,,EUR,2365.79,EUR,11892.00,ecd2d749-640d-48ed-911b-ac2bed5955ed
09-11-2020,15:38,09-11-2020,AMERICAN AIRLINES GROUP INC,US02376R1023,DEGIRO Transaction and/or third party fees,,EUR,-0.67,EUR,9526.21,ecd2d749-640d-48ed-911b-ac2bed5955ed
09-11-2020,15:38,09-11-2020,AMERICAN AIRLINES GROUP INC,US02376R1023,FX Debit,1.1920,USD,-2820.00,USD,2820.00,ecd2d749-640d-48ed-911b-ac2bed5955ed
09-11-2020,15:38,09-11-2020,AMERICAN AIRLINES GROUP INC,US02376R1023,FX Credit,,EUR,2365.79,EUR,9526.88,ecd2d749-640d-48ed-911b-ac2bed5955ed
09-11-2020,15:38,09-11-2020,AMERICAN AIRLINES GROUP INC,US02376R1023,DEGIRO Transaction and/or third party fees,,EUR,-0.67,EUR,7161.09,ecd2d749-640d-48ed-911b-ac2bed5955ed
09-11-2020,15:38,09-11-2020,AMERICAN AIRLINES GROUP INC,US02376R1023,FX Debit,1.1920,USD,-1410.00,USD,5640.00,ecd2d749-640d-48ed-911b-ac2bed5955ed
09-11-2020,15:38,09-11-2020,AMERICAN AIRLINES GROUP INC,US02376R1023,FX Credit,,EUR,1182.90,EUR,7161.76,ecd2d749-640d-48ed-911b-ac2bed5955ed
09-11-2020,15:38,09-11-2020,AMERICAN AIRLINES GROUP INC,US02376R1023,DEGIRO Transaction and/or third party fees,,EUR,-0.34,EUR,5978.86,ecd2d749-640d-48ed-911b-ac2bed5955ed
09-11-2020,15:38,09-11-2020,AMERICAN AIRLINES GROUP INC,US02376R1023,Sell 200 American Airlines Group Inc@14.1 USD (US02376R1023),,USD,2820.00,USD,7050.00,ecd2d749-640d-48ed-911b-ac2bed5955ed
09-11-2020,15:38,09-11-2020,AMERICAN AIRLINES GROUP INC,US02376R1023,Sell 200 American Airlines Group Inc@14.1 USD (US02376R1023),,USD,2820.00,USD,4230.00,ecd2d749-640d-48ed-911b-ac2bed5955ed
09-11-2020,15:38,09-11-2020,AMERICAN AIRLINES GROUP INC,US02376R1023,Sell 100 American Airlines Group Inc@14.1 USD (US02376R1023),,USD,1410.00,USD,1410.00,ecd2d749-640d-48ed-911b-ac2bed5955ed
09-11-2020,15:37,09-11-2020,AMERICAN AIRLINES GROUP INC,US02376R1023,FX Debit,1.1921,USD,-5640.00,USD,0.00,ecd2d749-640d-48ed-911b-ac2bed5955ed
09-11-2020,15:37,09-11-2020,AMERICAN AIRLINES GROUP INC,US02376R1023,FX Credit,,EUR,4731.18,EUR,5979.20,ecd2d749-640d-48ed-911b-ac2bed5955ed
09-11-2020,15:37,09-11-2020,AMERICAN AIRLINES GROUP INC,US02376R1023,DEGIRO Transaction and/or third party fees,,EUR,-1.34,EUR,1248.02,ecd2d749-640d-48ed-911b-ac2bed5955ed
09-11-2020,15:37,09-11-2020,AMERICAN AIRLINES GROUP INC,US02376R1023,FX Debit,1.1921,USD,-1410.00,USD,5640.00,ecd2d749-640d-48ed-911b-ac2bed5955ed
09-11-2020,15:37,09-11-2020,AMERICAN AIRLINES GROUP INC,US02376R1023,FX Credit,,EUR,1182.80,EUR,1249.36,ecd2d749-640d-48ed-911b-ac2bed5955ed
09-11-2020,15:37,09-11-2020,AMERICAN AIRLINES GROUP INC,US02376R1023,DEGIRO Transaction and/or third party fees,,EUR,-0.34,EUR,66.56,ecd2d749-640d-48ed-911b-ac2bed5955ed
09-11-2020,15:37,09-11-2020,AMERICAN AIRLINES GROUP INC,US02376R1023,DEGIRO Transaction and/or third party fees,,EUR,-0.50,EUR,66.90,ecd2d749-640d-48ed-
,,,,,,,,,,,911b-ac2bed5955ed
09-11-2020,15:37,09-11-2020,AMERICAN AIRLINES GROUP INC,US02376R1023,Sell 400 American Airlines Group Inc@14.1 USD (US02376R1023),,USD,5640.00,USD,7050.00,ecd2d749-640d-48ed-911b-ac2bed5955ed
09-11-2020,15:37,09-11-2020,AMERICAN AIRLINES GROUP INC,US02376R1023,Sell 100 American Airlines Group Inc@14.1 USD (US02376R1023),,USD,1410.00,USD,1410.00,ecd2d749-640d-48ed-911b-ac2bed5955ed
06-11-2020,13:30,06-11-2020,,,"Transfer from your Cash Account at flatexDEGIRO Bank AG: 11,939.5 EUR",,,,EUR,67.40,
06-11-2020,13:30,06-11-2020,FLATEX EURO BANKACCOUNT,NLFLATEXACNT,Degiro Cash Sweep Transfer,,EUR,11939.50,EUR,12006.90,
05-11-2020,16:34,05-11-2020,ROCKET COMPANIES INC,US77311W1018,FX Credit,1.1799,USD,533.50,USD,0.00,80d5a585-7773-46ff-8324-81ae11eacc09
05-11-2020,16:34,05-11-2020,ROCKET COMPANIES INC,US77311W1018,FX Debit,,EUR,-452.15,EUR,67.40,80d5a585-7773-46ff-8324-81ae11eacc09
05-11-2020,16:34,05-11-2020,ROCKET COMPANIES INC,US77311W1018,DEGIRO Transaction and/or third party fees,,EUR,-0.08,EUR,519.55,80d5a585-7773-46ff-8324-81ae11eacc09
05-11-2020,16:34,05-11-2020,ROCKET COMPANIES INC,US77311W1018,FX Credit,1.1799,USD,2134.00,USD,-533.50,80d5a585-7773-46ff-8324-81ae11eacc09
05-11-2020,16:34,05-11-2020,ROCKET COMPANIES INC,US77311W1018,FX Debit,,EUR,-1808.60,EUR,519.63,80d5a585-7773-46ff-8324-81ae11eacc09
05-11-2020,16:34,05-11-2020,ROCKET COMPANIES INC,US77311W1018,DEGIRO Transaction and/or third party fees,,EUR,-0.34,EUR,2328.23,80d5a585-7773-46ff-8324-81ae11eacc09
05-11-2020,16:34,05-11-2020,ROCKET COMPANIES INC,US77311W1018,FX Credit,1.1799,USD,1707.20,USD,-2667.50,80d5a585-7773-46ff-8324-81ae11eacc09
05-11-2020,16:34,05-11-2020,ROCKET COMPANIES INC,US77311W1018,FX Debit,,EUR,-1446.88,EUR,2328.57,80d5a585-7773-46ff-8324-81ae11eacc09
05-11-2020,16:34,05-11-2020,ROCKET COMPANIES INC,US77311W1018,DEGIRO Transaction and/or third party fees,,EUR,-0.27,EUR,3775.45,80d5a585-7773-46ff-8324-81ae11eacc09
05-11-2020,16:34,05-11-2020,ROCKET COMPANIES INC,US77311W1018,FX Credit,1.1799,USD,106.70,USD,-4374.70,80d5a585-7773-46ff-8324-81ae11eacc09
05-11-2020,16:34,05-11-2020,ROCKET COMPANIES INC,US77311W1018,FX Debit,,EUR,-90.43,EUR,3775.72,80d5a585-7773-46ff-8324-81ae11eacc09
05-11-2020,16:34,05-11-2020,ROCKET COMPANIES INC,US77311W1018,DEGIRO Transaction and/or third party fees,,EUR,-0.02,EUR,3866.15,80d5a585-7773-46ff-8324-81ae11eacc09
05-11-2020,16:34,05-11-2020,ROCKET COMPANIES INC,US77311W1018,FX Credit,1.1799,USD,2134.00,USD,-4481.40,80d5a585-7773-46ff-8324-81ae11eacc09
05-11-2020,16:34,05-11-2020,ROCKET COMPANIES INC,US77311W1018,FX Debit,,EUR,-1808.60,EUR,3866.17,80d5a585-7773-46ff-8324-81ae11eacc09
05-11-2020,16:34,05-11-2020,ROCKET COMPANIES INC,US77311W1018,DEGIRO Transaction and/or third party fees,,EUR,-0.34,EUR,5674.77,80d5a585-7773-46ff-8324-81ae11eacc09
05-11-2020,16:34,05-11-2020,ROCKET COMPANIES INC,US77311W1018,FX Credit,1.1799,USD,3201.00,USD,-6615.40,80d5a585-7773-46ff-8324-81ae11eacc09
05-11-2020,16:34,05-11-2020,ROCKET COMPANIES INC,US77311W1018,FX Debit,,EUR,-2712.90,EUR,5675.11,80d5a585-7773-46ff-8324-81ae11eacc09
05-11-2020,16:34,05-11-2020,ROCKET COMPANIES INC,US77311W1018,DEGIRO Transaction and/or third party fees,,EUR,-0.51,EUR,8388.01,80d5a585-7773-46ff-8324-81ae11eacc09
05-11-2020,16:34,05-11-2020,ROCKET COMPANIES INC,US77311W1018,FX Credit,1.1799,USD,2134.00,USD,-9816.40,80d5a585-7773-46ff-8324-81ae11eacc09
05-11-2020,16:34,05-11-2020,ROCKET COMPANIES INC,US77311W1018,FX Debit,,EUR,-1808.60,EUR,8388.52,80d5a585-7773-46ff-8324-81ae11eacc09
05-11-2020,16:34,05-11-2020,ROCKET COMPANIES INC,US77311W1018,DEGIRO Transaction and/or third party fees,,EUR,-0.34,EUR,10197.12,80d5a585-7773-46ff-8324-81ae11eacc09
05-11-2020,16:34,05-11-2020,ROCKET COMPANIES INC,US77311W1018,FX Credit,1.1799,USD,2134.00,USD,-11950.40,80d5a585-7773-46ff-8324-81ae11eacc09
05-11-2020,16:34,05-11-2020,ROCKET COMPANIES INC,US77311W1018,FX Debit,,EUR,-1808.60,EUR,10197.46,80d5a585-7773-46ff-8324-81ae11eacc09
05-11-2020,16:34,05-11-2020,ROCKET COMPANIES INC,US77311W1018,DEGIRO Transaction and/or third party fees,,EUR,-0.34,EUR,12006.06,80d5a585-7773-46ff-8324-81ae11eacc09
05-11-2020,16:34,05-11-2020,ROCKET COMPANIES INC,US77311W1018,DEGIRO Transaction and/or third party fees,,EUR,-0.50,EUR,12006.40,80d5a585-7773-46ff-8324-81ae11eacc09
05-11-2020,16:34,05-11-2020,ROCKET COMPANIES INC,US77311W1018,Buy 25 Rocket Companies Inc@21.34 USD (US77311W1018),,USD,-533.50,USD,-14084.40,80d5a585-7773-46ff-8324-81ae11eacc09
05-11-2020,16:34,05-11-2020,ROCKET COMPANIES INC,US77311W1018,Buy 100 Rocket Companies Inc@21.34 USD,,USD,-2134.00,USD,-13550.90,80d5a585-7773-46ff-
,,,,,(US77311W1018),,,,,,8324-81ae11eacc09
05-11-2020,16:34,05-11-2020,ROCKET COMPANIES INC,US77311W1018,Buy 80 Rocket Companies Inc@21.34 USD (US77311W1018),,USD,-1707.20,USD,-11416.90,80d5a585-7773-46ff-8324-81ae11eacc09
05-11-2020,16:34,05-11-2020,ROCKET COMPANIES INC,US77311W1018,Buy 5 Rocket Companies Inc@21.34 USD (US77311W1018),,USD,-106.70,USD,-9709.70,80d5a585-7773-46ff-8324-81ae11eacc09
05-11-2020,16:34,05-11-2020,ROCKET COMPANIES INC,US77311W1018,Buy 100 Rocket Companies Inc@21.34 USD (US77311W1018),,USD,-2134.00,USD,-9603.00,80d5a585-7773-46ff-8324-81ae11eacc09
05-11-2020,16:34,05-11-2020,ROCKET COMPANIES INC,US77311W1018,Buy 150 Rocket Companies Inc@21.34 USD (US77311W1018),,USD,-3201.00,USD,-7469.00,80d5a585-7773-46ff-8324-81ae11eacc09
05-11-2020,16:34,05-11-2020,ROCKET COMPANIES INC,US77311W1018,Buy 100 Rocket Companies Inc@21.34 USD (US77311W1018),,USD,-2134.00,USD,-4268.00,80d5a585-7773-46ff-8324-81ae11eacc09
05-11-2020,16:34,05-11-2020,ROCKET COMPANIES INC,US77311W1018,Buy 100 Rocket Companies Inc@21.34 USD (US77311W1018),,USD,-2134.00,USD,-2134.00,80d5a585-7773-46ff-8324-81ae11eacc09
26-10-2020,13:15,26-10-2020,,,"Transfer to your Cash Account at flatexDEGIRO Bank AG: 11,920.22 EUR",,,,EUR,12006.90,
26-10-2020,13:15,26-10-2020,FLATEX EURO BANKACCOUNT,NLFLATEXACNT,Degiro Cash Sweep Transfer,,EUR,-11920.22,EUR,86.68,
23-10-2020,15:49,23-10-2020,INTEL CORP,US4581401001,FX Credit,1.1828,USD,12065.00,USD,0.00,591cac73-5199-410c-8704-670635ebd192
23-10-2020,15:49,23-10-2020,INTEL CORP,US4581401001,FX Debit,,EUR,-10200.23,EUR,12006.90,591cac73-5199-410c-8704-670635ebd192
23-10-2020,15:49,23-10-2020,INTEL CORP,US4581401001,DEGIRO Transaction and/or third party fees,,EUR,-0.50,EUR,22207.13,591cac73-5199-410c-8704-670635ebd192
23-10-2020,15:49,23-10-2020,INTEL CORP,US4581401001,DEGIRO Transaction and/or third party fees,,EUR,-0.85,EUR,22207.63,591cac73-5199-410c-8704-670635ebd192
23-10-2020,15:49,23-10-2020,INTEL CORP,US4581401001,Buy 250 Intel Corp@48.26 USD (US4581401001),,USD,-12065.00,USD,-12065.00,591cac73-5199-410c-8704-670635ebd192
23-10-2020,15:48,23-10-2020,AMERICAN AIRLINES GROUP INC,US02376R1023,FX Credit,1.1830,USD,1260.00,USD,0.00,9741bfeb-bf6b-4841-8f63-c176d6943afc
23-10-2020,15:48,23-10-2020,AMERICAN AIRLINES GROUP INC,US02376R1023,FX Debit,,EUR,-1065.07,EUR,22208.48,9741bfeb-bf6b-4841-8f63-c176d6943afc
23-10-2020,15:48,23-10-2020,AMERICAN AIRLINES GROUP INC,US02376R1023,DEGIRO Transaction and/or third party fees,,EUR,-0.34,EUR,23273.55,9741bfeb-bf6b-4841-8f63-c176d6943afc
23-10-2020,15:48,23-10-2020,AMERICAN AIRLINES GROUP INC,US02376R1023,FX Credit,1.1830,USD,5040.00,USD,-1260.00,9741bfeb-bf6b-4841-8f63-c176d6943afc
23-10-2020,15:48,23-10-2020,AMERICAN AIRLINES GROUP INC,US02376R1023,FX Debit,,EUR,-4260.30,EUR,23273.89,9741bfeb-bf6b-4841-8f63-c176d6943afc
23-10-2020,15:48,23-10-2020,AMERICAN AIRLINES GROUP INC,US02376R1023,DEGIRO Transaction and/or third party fees,,EUR,-1.35,EUR,27534.19,9741bfeb-bf6b-4841-8f63-c176d6943afc
23-10-2020,15:48,23-10-2020,AMERICAN AIRLINES GROUP INC,US02376R1023,FX Credit,1.1830,USD,1260.00,USD,-6300.00,9741bfeb-bf6b-4841-8f63-c176d6943afc
23-10-2020,15:48,23-10-2020,AMERICAN AIRLINES GROUP INC,US02376R1023,FX Debit,,EUR,-1065.07,EUR,27535.54,9741bfeb-bf6b-4841-8f63-c176d6943afc
23-10-2020,15:48,23-10-2020,AMERICAN AIRLINES GROUP INC,US02376R1023,DEGIRO Transaction and/or third party fees,,EUR,-0.34,EUR,28600.61,9741bfeb-bf6b-4841-8f63-c176d6943afc
23-10-2020,15:48,23-10-2020,AMERICAN AIRLINES GROUP INC,US02376R1023,FX Credit,1.1830,USD,5040.00,USD,-7560.00,9741bfeb-bf6b-4841-8f63-c176d6943afc
23-10-2020,15:48,23-10-2020,AMERICAN AIRLINES GROUP INC,US02376R1023,FX Debit,,EUR,-4260.30,EUR,28600.95,9741bfeb-bf6b-4841-8f63-c176d6943afc
23-10-2020,15:48,23-10-2020,AMERICAN AIRLINES GROUP INC,US02376R1023,DEGIRO Transaction and/or third party fees,,EUR,-0.50,EUR,32861.25,9741bfeb-bf6b-4841-8f63-c176d6943afc
23-10-2020,15:48,23-10-2020,AMERICAN AIRLINES GROUP INC,US02376R1023,DEGIRO Transaction and/or third party fees,,EUR,-1.35,EUR,32861.75,9741bfeb-bf6b-4841-8f63-c176d6943afc
23-10-2020,15:48,23-10-2020,AMERICAN AIRLINES GROUP INC,US02376R1023,Buy 100 American Airlines Group Inc@12.6 USD (US02376R1023),,USD,-1260.00,USD,-12600.00,9741bfeb-bf6b-4841-8f63-c176d6943afc
23-10-2020,15:48,23-10-2020,AMERICAN AIRLINES GROUP INC,US02376R1023,Buy 400 American Airlines Group Inc@12.6 USD (US02376R1023),,USD,-5040.00,USD,-11340.00,9741bfeb-bf6b-4841-8f63-c176d6943afc
23-10-2020,15:48,23-10-2020,AMERICAN AIRLINES GROUP INC,US02376R1023,Buy 100 American Airlines Group Inc@12.6 USD (US02376R1023),,USD,-1260.00,USD,-6300.00,9741bfeb-bf6b-4841-8f63-c176d6943afc
23-10-2020,15:48,23-10-2020,AMERICAN AIRLINES GROUP INC,US02376R1023,Buy 400 American Airlines Group Inc@12.6 USD (US02376R1023),,USD,-5040.00,USD,-5040.00,9741bfeb-bf6b-4841-8f63-c176d6943afc
23-10-2020,10:07,23-10-2020,BANK OF IRELAND GROUP PLC,IE00BD1RP616,DEGIRO Transaction and/or third party fees,,EUR,-0.33,EUR,32863.10,1f9bf6db-4053-46b7-
,,,,,,,,,,,bddd-8c3f466add91
23-10-2020,10:07,23-10-2020,BANK OF IRELAND GROUP PLC,IE00BD1RP616,DEGIRO Transaction and/or third party fees,,EUR,-0.84,EUR,32863.43,1f9bf6db-4053-46b7-bddd-8c3f466add91
23-10-2020,10:07,23-10-2020,BANK OF IRELAND GROUP PLC,IE00BD1RP616,DEGIRO Transaction and/or third party fees,,EUR,-2.21,EUR,32864.27,1f9bf6db-4053-46b7-bddd-8c3f466add91
23-10-2020,10:07,23-10-2020,BANK OF IRELAND GROUP PLC,IE00BD1RP616,DEGIRO Transaction and/or third party fees,,EUR,-1.89,EUR,32866.48,1f9bf6db-4053-46b7-bddd-8c3f466add91
23-10-2020,10:07,23-10-2020,BANK OF IRELAND GROUP PLC,IE00BD1RP616,DEGIRO Transaction and/or third party fees,,EUR,-0.62,EUR,32868.37,1f9bf6db-4053-46b7-bddd-8c3f466add91
23-10-2020,10:07,23-10-2020,BANK OF IRELAND GROUP PLC,IE00BD1RP616,DEGIRO Transaction and/or third party fees,,EUR,-0.84,EUR,32868.99,1f9bf6db-4053-46b7-bddd-8c3f466add91
23-10-2020,10:07,23-10-2020,BANK OF IRELAND GROUP PLC,IE00BD1RP616,DEGIRO Transaction and/or third party fees,,EUR,-2.08,EUR,32869.83,1f9bf6db-4053-46b7-bddd-8c3f466add91
23-10-2020,10:07,23-10-2020,BANK OF IRELAND GROUP PLC,IE00BD1RP616,DEGIRO Transaction and/or third party fees,,EUR,-1.92,EUR,32871.91,1f9bf6db-4053-46b7-bddd-8c3f466add91
23-10-2020,10:07,23-10-2020,BANK OF IRELAND GROUP PLC,IE00BD1RP616,DEGIRO Transaction and/or third party fees,,EUR,-0.61,EUR,32873.83,1f9bf6db-4053-46b7-bddd-8c3f466add91
23-10-2020,10:07,23-10-2020,BANK OF IRELAND GROUP PLC,IE00BD1RP616,DEGIRO Transaction and/or third party fees,,EUR,-1.31,EUR,32874.44,1f9bf6db-4053-46b7-bddd-8c3f466add91
23-10-2020,10:07,23-10-2020,BANK OF IRELAND GROUP PLC,IE00BD1RP616,DEGIRO Transaction and/or third party fees,,EUR,-0.88,EUR,32875.75,1f9bf6db-4053-46b7-bddd-8c3f466add91
23-10-2020,10:07,23-10-2020,BANK OF IRELAND GROUP PLC,IE00BD1RP616,DEGIRO Transaction and/or third party fees,,EUR,-2.00,EUR,32876.63,1f9bf6db-4053-46b7-bddd-8c3f466add91
23-10-2020,10:07,23-10-2020,BANK OF IRELAND GROUP PLC,IE00BD1RP616,DEGIRO Transaction and/or third party fees,,EUR,-2.88,EUR,32878.63,1f9bf6db-4053-46b7-bddd-8c3f466add91
23-10-2020,10:07,23-10-2020,BANK OF IRELAND GROUP PLC,IE00BD1RP616,Sell 346 Bank of Ireland Group PLC@1.922 EUR (IE00BD1RP616),,EUR,665.01,EUR,32881.51,1f9bf6db-4053-46b7-bddd-8c3f466add91
23-10-2020,10:07,23-10-2020,BANK OF IRELAND GROUP PLC,IE00BD1RP616,Sell 870 Bank of Ireland Group PLC@1.922 EUR (IE00BD1RP616),,EUR,1672.14,EUR,32216.50,1f9bf6db-4053-46b7-bddd-8c3f466add91
23-10-2020,10:07,23-10-2020,BANK OF IRELAND GROUP PLC,IE00BD1RP616,"Sell 2,300 Bank of Ireland Group PLC@1.922 EUR (IE00BD1RP616)",,EUR,4420.60,EUR,30544.36,1f9bf6db-4053-46b7-bddd-8c3f466add91
23-10-2020,10:07,23-10-2020,BANK OF IRELAND GROUP PLC,IE00BD1RP616,"Sell 1,964 Bank of Ireland Group PLC@1.922 EUR (IE00BD1RP616)",,EUR,3774.81,EUR,26123.76,1f9bf6db-4053-46b7-bddd-8c3f466add91
23-10-2020,10:07,23-10-2020,BANK OF IRELAND GROUP PLC,IE00BD1RP616,Sell 640 Bank of Ireland Group PLC@1.922 EUR (IE00BD1RP616),,EUR,1230.08,EUR,22348.95,1f9bf6db-4053-46b7-bddd-8c3f466add91
23-10-2020,10:07,23-10-2020,BANK OF IRELAND GROUP PLC,IE00BD1RP616,Sell 870 Bank of Ireland Group PLC@1.923 EUR (IE00BD1RP616),,EUR,1673.01,EUR,21118.87,1f9bf6db-4053-46b7-bddd-8c3f466add91
23-10-2020,10:07,23-10-2020,BANK OF IRELAND GROUP PLC,IE00BD1RP616,"Sell 2,163 Bank of Ireland Group PLC@1.923 EUR (IE00BD1RP616)",,EUR,4159.45,EUR,19445.86,1f9bf6db-4053-46b7-bddd-8c3f466add91
23-10-2020,10:07,23-10-2020,BANK OF IRELAND GROUP PLC,IE00BD1RP616,"Sell 2,000 Bank of Ireland Group PLC@1.923 EUR (IE00BD1RP616)",,EUR,3846.00,EUR,15286.41,1f9bf6db-4053-46b7-bddd-8c3f466add91
23-10-2020,10:07,23-10-2020,BANK OF IRELAND GROUP PLC,IE00BD1RP616,Sell 636 Bank of Ireland Group PLC@1.923 EUR (IE00BD1RP616),,EUR,1223.03,EUR,11440.41,1f9bf6db-4053-46b7-bddd-8c3f466add91
23-10-2020,10:07,23-10-2020,BANK OF IRELAND GROUP PLC,IE00BD1RP616,"Sell 1,357 Bank of Ireland Group PLC@1.924 EUR (IE00BD1RP616)",,EUR,2610.87,EUR,10217.38,1f9bf6db-4053-46b7-bddd-8c3f466add91
23-10-2020,10:07,23-10-2020,BANK OF IRELAND GROUP PLC,IE00BD1RP616,Sell 910 Bank of Ireland Group PLC@1.924 EUR (IE00BD1RP616),,EUR,1750.84,EUR,7606.52,1f9bf6db-4053-46b7-bddd-8c3f466add91
23-10-2020,10:07,23-10-2020,BANK OF IRELAND GROUP PLC,IE00BD1RP616,"Sell 3,000 Bank of Ireland Group PLC@1.923 EUR (IE00BD1RP616)",,EUR,5769.00,EUR,5855.68,1f9bf6db-4053-46b7-bddd-8c3f466add91
02-10-2020,13:15,02-10-2020,,,Transfer from your Cash Account at flatexDEGIRO Bank AG: 5 EUR,,,,EUR,86.68,
02-10-2020,13:15,02-10-2020,FLATEX EURO BANKACCOUNT,NLFLATEXACNT,Degiro Cash Sweep Transfer,,EUR,5.00,EUR,91.68,
01-10-2020,11:58,30-09-2020,,,DEGIRO Exchange Connection Fee 2020 (Nasdaq - NDQ),,EUR,-2.50,EUR,86.68,
01-10-2020,11:58,30-09-2020,,,DEGIRO Exchange Connection Fee 2020 (London Stock Exchange (LSE) - LSE),,EUR,-2.50,EUR,89.18,
01-10-2020,06:50,30-09-2020,,,Flatex Interest,,EUR,-0.62,EUR,91.68,
21-09-2020,11:30,21-09-2020,,,"Transfer from your Cash Account at flatexDEGIRO Bank AG: 10,702.46 EUR",,,,EUR,92.30,
21-09-2020,11:30,21-09-2020,FLATEX EURO BANKACCOUNT,NLFLATEXACNT,Degiro Cash Sweep Transfer,,EUR,10702.46,EUR,10794.76,
18-09-2020,13:04,18-09-2020,BANK OF IRELAND GROUP PLC,IE00BD1RP616,DEGIRO Transaction and/or third party fees,,EUR,-0.06,EUR,92.30,21ee9e98-a9ef-430f-bc6e-1ba69e0d7daa
18-09-2020,13:04,18-09-2020,BANK OF IRELAND GROUP PLC,IE00BD1RP616,London/Dublin Stamp Duty,,EUR,-1.27,EUR,92.36,21ee9e98-a9ef-430f-bc6e-1ba69e0d7daa
18-09-2020,13:04,18-09-2020,BANK OF IRELAND GROUP PLC,IE00BD1RP616,Buy 73 Bank of Ireland Group PLC@1.745 EUR (IE00BD1RP616),,EUR,-127.38,EUR,93.63,21ee9e98-a9ef-430f-bc6e-1ba69e0d7daa
18-09-2020,13:04,18-09-2020,BANK OF IRELAND GROUP PLC,IE00BD1RP616,DEGIRO Transaction and/or third party fees,,EUR,-2.00,EUR,221.01,21ee9e98-a9ef-430f-bc6e-1ba69e0d7daa
18-09-2020,13:04,18-09-2020,BANK OF IRELAND GROUP PLC,IE00BD1RP616,DEGIRO Transaction and/or third party fees,,EUR,-0.49,EUR,223.01,21ee9e98-a9ef-430f-bc6e-1ba69e0d7daa
18-09-2020,13:04,18-09-2020,BANK OF IRELAND GROUP PLC,IE00BD1RP616,London/Dublin Stamp Duty,,EUR,-9.72,EUR,223.50,21ee9e98-a9ef-430f-bc6e-1ba69e0d7daa
18-09-2020,13:04,18-09-2020,BANK OF IRELAND GROUP PLC,IE00BD1RP616,Buy 557 Bank of Ireland Group PLC@1.745 EUR (IE00BD1RP616),,EUR,-971.96,EUR,233.22,21ee9e98-a9ef-430f-bc6e-1ba69e0d7daa
18-09-2020,13:01,18-09-2020,BANK OF IRELAND GROUP PLC,IE00BD1RP616,DEGIRO Transaction and/or third party fees,,EUR,-2.00,EUR,1205.19,40168928-e37d-4230-bf16-f1c4f2ba26aa
18-09-2020,13:01,18-09-2020,BANK OF IRELAND GROUP PLC,IE00BD1RP616,DEGIRO Transaction and/or third party fees,,EUR,-4.74,EUR,1207.19,40168928-e37d-4230-bf16-f1c4f2ba26aa
18-09-2020,13:01,18-09-2020,BANK OF IRELAND GROUP PLC,IE00BD1RP616,London/Dublin Stamp Duty,,EUR,-94.88,EUR,1211.93,40168928-e37d-4230-bf16-f1c4f2ba26aa
18-09-2020,13:01,18-09-2020,BANK OF IRELAND GROUP PLC,IE00BD1RP616,"Buy 5,431 Bank of Ireland Group PLC@1.747 EUR (IE00BD1RP616)",,EUR,-9487.96,EUR,1306.81,40168928-e37d-4230-bf16-f1c4f2ba26aa
17-09-2020,10:15,17-09-2020,,,"Transfer to your Cash Account at flatexDEGIRO Bank AG: 10,473.79 EUR",,,,EUR,10794.76,
17-09-2020,10:15,17-09-2020,FLATEX EURO BANKACCOUNT,NLFLATEXACNT,Degiro Cash Sweep Transfer,,EUR,-10473.79,EUR,320.97,
16-09-2020,17:46,16-09-2020,AMERICAN AIRLINES GROUP INC,US02376R1023,FX Debit,1.1847,USD,-12412.36,USD,0.00,53b8a3fa-db4f-4074-bf5b-8f28a88dd957
16-09-2020,17:46,16-09-2020,AMERICAN AIRLINES GROUP INC,US02376R1023,FX Credit,,EUR,10477.36,EUR,10794.76,53b8a3fa-db4f-4074-bf5b-8f28a88dd957
16-09-2020,17:46,16-09-2020,AMERICAN AIRLINES GROUP INC,US02376R1023,DEGIRO Transaction and/or third party fees,,EUR,-0.50,EUR,317.40,53b8a3fa-db4f-4074-bf5b-8f28a88dd957
16-09-2020,17:46,16-09-2020,AMERICAN AIRLINES GROUP INC,US02376R1023,DEGIRO Transaction and/or third party fees,,EUR,-3.07,EUR,317.90,53b8a3fa-db4f-4074-bf5b-8f28a88dd957
16-09-2020,17:46,16-09-2020,AMERICAN AIRLINES GROUP INC,US02376R1023,Sell 908 American Airlines Group Inc@13.67 USD (US02376R1023),,USD,12412.36,USD,12412.36,53b8a3fa-db4f-4074-bf5b-8f28a88dd957
14-09-2020,13:30,14-09-2020,,,Transfer to your Cash Account at flatexDEGIRO Bank AG: 312.32 EUR,,,,EUR,320.97,
14-09-2020,13:30,14-09-2020,FLATEX EURO BANKACCOUNT,NLFLATEXACNT,Degiro Cash Sweep Transfer,,EUR,-312.32,EUR,8.65,
11-09-2020,17:04,11-09-2020,BANK OF IRELAND GROUP PLC,IE00BD1RP616,DEGIRO Transaction and/or third party fees,,EUR,-2.00,EUR,320.97,6461f62e-0012-46db-85ee-1c8b25b70df5
11-09-2020,17:04,11-09-2020,BANK OF IRELAND GROUP PLC,IE00BD1RP616,DEGIRO Transaction and/or third party fees,,EUR,-5.26,EUR,322.97,6461f62e-0012-46db-85ee-1c8b25b70df5
11-09-2020,17:04,11-09-2020,BANK OF IRELAND GROUP PLC,IE00BD1RP616,London/Dublin Stamp Duty,,EUR,-105.23,EUR,328.23,6461f62e-0012-46db-85ee-1c8b25b70df5
11-09-2020,17:04,11-09-2020,BANK OF IRELAND GROUP PLC,IE00BD1RP616,"Buy 5,785 Bank of Ireland Group PLC@1.819 EUR (IE00BD1RP616)",,EUR,-10522.92,EUR,433.46,6461f62e-0012-46db-85ee-1c8b25b70df5
11-09-2020,16:27,11-09-2020,AVIVA,GB0002162385,FX Debit,92.5326,GBP,-10138.99,GBP,0.00,2795f414-485d-4cca-b946-35b73b081d0e
11-09-2020,16:27,11-09-2020,AVIVA,GB0002162385,FX Credit,,EUR,10957.22,EUR,10956.38,2795f414-485d-4cca-b946-35b73b081d0e
11-09-2020,16:27,11-09-2020,AVIVA,GB0002162385,DEGIRO Transaction and/or third party fees,,EUR,-4.00,EUR,-0.84,2795f414-485d-4cca-b946-35b73b081d0e
11-09-2020,16:27,11-09-2020,AVIVA,GB0002162385,DEGIRO Transaction and/or third party fees,,EUR,-5.49,EUR,3.16,2795f414-485d-4cca-b946-35b73b081d0e
11-09-2020,16:27,11-09-2020,AVIVA,GB0002162385,"Sell 3,333 Aviva@304.2 GBX (GB0002162385)",,GBP,10138.99,GBP,10138.99,2795f414-485d-4cca-b946-35b73b081d0e
11-09-2020,14:15,11-09-2020,,,Transfer to your Cash Account at flatexDEGIRO Bank AG: 7.65 EUR,,,,EUR,8.65,
11-09-2020,14:15,11-09-2020,FLATEX EURO BANKACCOUNT,NLFLATEXACNT,Degiro Cash Sweep Transfer,,EUR,-7.65,EUR,1.00,
11-09-2020,08:50,11-09-2020,,,flatex Deposit,,EUR,1.00,EUR,8.65,
10-09-2020,16:02,10-09-2020,MORGAN STANLEY EUR LIQUIDITY FUND,LU1959429272,"Money Market fund conversion: Sell 0.002379 at 9,923.586 EUR",,,,EUR,7.65,
09-09-2020,19:45,09-09-2020,AMERICAN AIRLINES GROUP INC,US02376R1023,FX Credit,1.1789,USD,8879.00,USD,0.00,101b4ca7-be83-41b3-803a-e31a735a9fa8
09-09-2020,19:45,09-09-2020,AMERICAN AIRLINES GROUP INC,US02376R1023,FX Debit,,EUR,-7531.47,EUR,-15.96,101b4ca7-be83-41b3-803a-e31a735a9fa8
09-09-2020,19:45,09-09-2020,AMERICAN AIRLINES GROUP INC,US02376R1023,DEGIRO Transaction and/or third party fees,,EUR,-2.32,EUR,7515.51,101b4ca7-be83-41b3-803a-e31a735a9fa8
09-09-2020,19:45,09-09-2020,AMERICAN AIRLINES GROUP INC,US02376R1023,Buy 683 American Airlines Group Inc@13 USD (US02376R1023),,USD,-8879.00,USD,-8879.00,101b4ca7-be83-41b3-803a-e31a735a9fa8
09-09-2020,19:45,09-09-2020,AMERICAN AIRLINES GROUP INC,US02376R1023,FX Credit,1.1789,USD,221.00,USD,0.00,101b4ca7-be83-41b3-803a-e31a735a9fa8
09-09-2020,19:45,09-09-2020,AMERICAN AIRLINES GROUP INC,US02376R1023,FX Debit,,EUR,-187.46,EUR,7517.83,101b4ca7-be83-41b3-803a-e31a735a9fa8
09-09-2020,19:45,09-09-2020,AMERICAN AIRLINES GROUP INC,US02376R1023,DEGIRO Transaction and/or third party fees,,EUR,-0.06,EUR,7705.29,101b4ca7-be83-41b3-803a-e31a735a9fa8
09-09-2020,19:45,09-09-2020,AMERICAN AIRLINES GROUP INC,US02376R1023,Buy 17 American Airlines Group Inc@13 USD (US02376R1023),,USD,-221.00,USD,-221.00,101b4ca7-be83-41b3-803a-e31a735a9fa8
09-09-2020,19:44,09-09-2020,AMERICAN AIRLINES GROUP INC,US02376R1023,FX Credit,1.1790,USD,2704.00,USD,0.00,101b4ca7-be83-41b3-803a-e31a735a9fa8
09-09-2020,19:44,09-09-2020,AMERICAN AIRLINES GROUP INC,US02376R1023,FX Debit,,EUR,-2293.43,EUR,7705.35,101b4ca7-be83-41b3-803a-e31a735a9fa8
09-09-2020,19:44,09-09-2020,AMERICAN AIRLINES GROUP INC,US02376R1023,DEGIRO Transaction and/or third party fees,,EUR,-0.50,EUR,9998.78,101b4ca7-be83-41b3-803a-e31a735a9fa8
09-09-2020,19:44,09-09-2020,AMERICAN AIRLINES GROUP INC,US02376R1023,DEGIRO Transaction and/or third party fees,,EUR,-0.71,EUR,9999.28,101b4ca7-be83-41b3-803a-e31a735a9fa8
09-09-2020,19:44,09-09-2020,AMERICAN AIRLINES GROUP INC,US02376R1023,Buy 208 American Airlines Group Inc@13 USD (US02376R1023),,USD,-2704.00,USD,-2704.00,101b4ca7-be83-41b3-803a-e31a735a9fa8
09-09-2020,16:02,09-09-2020,MORGAN STANLEY EUR LIQUIDITY FUND,LU1959429272,"Money Market fund conversion: Sell 0.001894 at 9,923.741 EUR",,,,EUR,9999.99,
09-09-2020,16:02,09-09-2020,MORGAN STANLEY EUR LIQUIDITY FUND,LU1959429272,"Money Market fund conversion: Sell 1.01 at 9,923.741 EUR",,,,EUR,9981.19,
09-09-2020,11:04,09-09-2020,,,Deposit,,EUR,10000.00,EUR,9981.19,
08-09-2020,16:44,08-09-2020,BANK OF IRELAND GROUP PLC,IE00BD1RP616,DEGIRO Transaction and/or third party fees,,EUR,-2.46,EUR,-18.66,618bf96a-fd55-4ac5-a4bb-d64233b61362
08-09-2020,16:44,08-09-2020,BANK OF IRELAND GROUP PLC,IE00BD1RP616,London/Dublin Stamp Duty,,EUR,-49.24,EUR,-16.20,618bf96a-fd55-4ac5-a4bb-d64233b61362
08-09-2020,16:44,08-09-2020,BANK OF IRELAND GROUP PLC,IE00BD1RP616,DEGIRO Transaction and/or third party fees,,EUR,-0.62,EUR,33.04,618bf96a-fd55-4ac5-a4bb-d64233b61362
08-09-2020,16:44,08-09-2020,BANK OF IRELAND GROUP PLC,IE00BD1RP616,London/Dublin Stamp Duty,,EUR,-12.40,EUR,33.66,618bf96a-fd55-4ac5-a4bb-d64233b61362
08-09-2020,16:44,08-09-2020,BANK OF IRELAND GROUP PLC,IE00BD1RP616,DEGIRO Transaction and/or third party fees,,EUR,-0.73,EUR,46.06,618bf96a-fd55-4ac5-a4bb-d64233b61362
08-09-2020,16:44,08-09-2020,BANK OF IRELAND GROUP PLC,IE00BD1RP616,London/Dublin Stamp Duty,,EUR,-14.61,EUR,46.79,618bf96a-fd55-4ac5-a4bb-d64233b61362
08-09-2020,16:44,08-09-2020,BANK OF IRELAND GROUP PLC,IE00BD1RP616,DEGIRO Transaction and/or third party fees,,EUR,-0.51,EUR,61.40,618bf96a-fd55-4ac5-a4bb-d64233b61362
08-09-2020,16:44,08-09-2020,BANK OF IRELAND GROUP PLC,IE00BD1RP616,London/Dublin Stamp Duty,,EUR,-10.18,EUR,61.91,618bf96a-fd55-4ac5-a4bb-d64233b61362
08-09-2020,16:44,08-09-2020,BANK OF IRELAND GROUP PLC,IE00BD1RP616,London/Dublin Stamp Duty,,EUR,-0.06,EUR,72.09,618bf96a-fd55-4ac5-a4bb-d64233b61362
08-09-2020,16:44,08-09-2020,BANK OF IRELAND GROUP PLC,IE00BD1RP616,DEGIRO Transaction and/or third party fees,,EUR,-0.24,EUR,72.15,618bf96a-fd55-4ac5-a4bb-d64233b61362
08-09-2020,16:44,08-09-2020,BANK OF IRELAND GROUP PLC,IE00BD1RP616,London/Dublin Stamp Duty,,EUR,-4.86,EUR,72.39,618bf96a-fd55-4ac5-a4bb-d64233b61362
08-09-2020,16:44,08-09-2020,BANK OF IRELAND GROUP PLC,IE00BD1RP616,DEGIRO Transaction and/or third party fees,,EUR,-2.00,EUR,77.25,618bf96a-fd55-4ac5-a4bb-d64233b61362
08-09-2020,16:44,08-09-2020,BANK OF IRELAND GROUP PLC,IE00BD1RP616,"Buy 2,582 Bank of Ireland Group PLC@1.907 EUR (IE00BD1RP616)",,EUR,-4923.87,EUR,79.25,618bf96a-fd55-4ac5-a4bb-d64233b61362
08-09-2020,16:44,08-09-2020,BANK OF IRELAND GROUP PLC,IE00BD1RP616,Buy 650 Bank of Ireland Group PLC@1.907 EUR (IE00BD1RP616),,EUR,-1239.55,EUR,5003.13,618bf96a-fd55-4ac5-a4bb-d64233b61362
08-09-2020,16:44,08-09-2020,BANK OF IRELAND GROUP PLC,IE00BD1RP616,Buy 766 Bank of Ireland Group PLC@1.907 EUR (IE00BD1RP616),,EUR,-1460.76,EUR,6242.68,618bf96a-fd55-4ac5-a4bb-d64233b61362
08-09-2020,16:44,08-09-2020,BANK OF IRELAND GROUP PLC,IE00BD1RP616,Buy 534 Bank of Ireland Group PLC@1.907 EUR (IE00BD1RP616),,EUR,-1018.34,EUR,7703.44,618bf96a-fd55-4ac5-a4bb-d64233b61362
08-09-2020,16:44,08-09-2020,BANK OF IRELAND GROUP PLC,IE00BD1RP616,Buy 3 Bank of Ireland Group PLC@1.907 EUR (IE00BD1RP616),,EUR,-5.72,EUR,8721.78,618bf96a-fd55-4ac5-a4bb-d64233b61362
08-09-2020,16:44,08-09-2020,BANK OF IRELAND GROUP PLC,IE00BD1RP616,Buy 255 Bank of Ireland Group PLC@1.907 EUR (IE00BD1RP616),,EUR,-486.28,EUR,8727.50,618bf96a-fd55-4ac5-a4bb-d64233b61362
08-09-2020,16:44,08-09-2020,BANK OF IRELAND GROUP PLC,IE00BD1RP616,DEGIRO Transaction and/or third party fees,,EUR,-0.40,EUR,9213.78,618bf96a-fd55-4ac5-a4bb-d64233b61362
08-09-2020,16:44,08-09-2020,BANK OF IRELAND GROUP PLC,IE00BD1RP616,London/Dublin Stamp Duty,,EUR,-8.01,EUR,9214.18,618bf96a-fd55-4ac5-a4bb-d64233b61362
08-09-2020,16:44,08-09-2020,BANK OF IRELAND GROUP PLC,IE00BD1RP616,Buy 420 Bank of Ireland Group PLC@1.907 EUR (IE00BD1RP616),,EUR,-800.94,EUR,9222.19,618bf96a-fd55-4ac5-a4bb-d64233b61362
08-09-2020,15:58,08-09-2020,MORGAN STANLEY EUR LIQUIDITY FUND,LU1959429272,"Money Market fund conversion: Buy 0.007669 at 9,923.8878 EUR",,,,EUR,10023.13,
08-09-2020,15:58,08-09-2020,MORGAN STANLEY EUR LIQUIDITY FUND,LU1959429272,"Money Market fund conversion: Buy 1 at 9,923.8878 EUR",,,,EUR,10099.24,
08-09-2020,00:00,07-09-2020,MORGAN STANLEY EUR LIQUIDITY FUND,LU1959429272,Money Market fund price change (EUR),,EUR,-0.00,EUR,10099.24,
07-09-2020,15:54,07-09-2020,MORGAN STANLEY EUR LIQUIDITY FUND,LU1959429272,"Money Market fund conversion: Sell 0.006214 at 9,923.9608 EUR",,,,EUR,10099.24,
07-09-2020,15:54,07-09-2020,MORGAN STANLEY EUR LIQUIDITY FUND,LU1959429272,"Money Market fund conversion: Sell 1.04 at 9,923.9608 EUR",,,,EUR,10037.57,
07-09-2020,14:00,07-09-2020,,,Deposit,,EUR,10000.00,EUR,10037.57,
07-09-2020,00:00,06-09-2020,MORGAN STANLEY EUR LIQUIDITY FUND,LU1959429272,Money Market fund price change (EUR),,EUR,-0.39,EUR,37.57,
04-09-2020,16:03,04-09-2020,MORGAN STANLEY EUR LIQUIDITY FUND,LU1959429272,"Money Market fund conversion: Buy 0.001845 at 9,924.5232 EUR",,,,EUR,37.96,
04-09-2020,16:03,04-09-2020,MORGAN STANLEY EUR LIQUIDITY FUND,LU1959429272,"Money Market fund conversion: Buy 1.05 at 9,924.5232 EUR",,EUR,-0.20,EUR,56.27,
04-09-2020,09:35,04-09-2020,AVIVA,GB0002162385,FX Credit,89.0710,GBP,3677.75,GBP,0.00,af540888-3009-46dd-9e78-6709937955e8
04-09-2020,09:35,04-09-2020,AVIVA,GB0002162385,FX Debit,,EUR,-4129.01,EUR,56.47,af540888-3009-46dd-9e78-6709937955e8
04-09-2020,09:35,04-09-2020,AVIVA,GB0002162385,DEGIRO Transaction and/or third party fees,,EUR,-2.06,EUR,4185.48,af540888-3009-46dd-9e78-6709937955e8
04-09-2020,09:35,04-09-2020,AVIVA,GB0002162385,London/Dublin Stamp Duty,,EUR,-20.65,EUR,4187.54,af540888-3009-46dd-9e78-6709937955e8
04-09-2020,09:35,04-09-2020,AVIVA,GB0002162385,FX Credit,89.0710,GBP,5516.00,GBP,-3677.75,af540888-3009-46dd-9e78-6709937955e8
04-09-2020,09:35,04-09-2020,AVIVA,GB0002162385,FX Debit,,EUR,-6192.82,EUR,4208.19,af540888-3009-46dd-9e78-6709937955e8
04-09-2020,09:35,04-09-2020,AVIVA,GB0002162385,DEGIRO Transaction and/or third party fees,,EUR,-4.00,EUR,10401.01,af540888-3009-46dd-9e78-6709937955e8
04-09-2020,09:35,04-09-2020,AVIVA,GB0002162385,DEGIRO Transaction and/or third party fees,,EUR,-3.10,EUR,10405.01,af540888-3009-46dd-9e78-6709937955e8
04-09-2020,09:35,04-09-2020,AVIVA,GB0002162385,London/Dublin Stamp Duty,,EUR,-30.96,EUR,10408.11,af540888-3009-46dd-9e78-6709937955e8
04-09-2020,09:35,04-09-2020,AVIVA,GB0002162385,"Buy 1,333 Aviva@275.9 GBX (GB0002162385)",,GBP,-3677.75,GBP,-9193.75,af540888-3009-46dd-9e78-6709937955e8
04-09-2020,09:35,04-09-2020,AVIVA,GB0002162385,"Buy 2,000 Aviva@275.8 GBX (GB0002162385)",,GBP,-5516.00,GBP,-5516.00,af540888-3009-46dd-9e78-6709937955e8
04-09-2020,00:00,03-09-2020,MORGAN STANLEY EUR LIQUIDITY FUND,LU1959429272,Money Market fund price change (EUR),,EUR,0.00,EUR,10439.07,
03-09-2020,14:42,03-09-2020,BANK OF IRELAND GROUP PLC,IE00BD1RP616,DEGIRO Transaction and/or third party fees,,EUR,-2.00,EUR,10439.07,36b9faa0-0e76-4ecb-a39e-38794b8c7973
03-09-2020,14:42,03-09-2020,BANK OF IRELAND GROUP PLC,IE00BD1RP616,DEGIRO Transaction and/or third party fees,,EUR,-5.22,EUR,10441.07,36b9faa0-0e76-4ecb-a39e-38794b8c7973
03-09-2020,14:42,03-09-2020,BANK OF IRELAND GROUP PLC,IE00BD1RP616,"Sell 5,300 Bank of Ireland Group PLC@1.971 EUR (IE00BD1RP616)",,EUR,10446.30,EUR,10446.29,36b9faa0-0e76-4ecb-a39e-38794b8c7973
02-09-2020,16:09,02-09-2020,MORGAN STANLEY EUR LIQUIDITY FUND,LU1959429272,"Money Market fund conversion: Sell 0.006611 at 9,924.6649 EUR",,,,EUR,-0.01,
02-09-2020,16:09,02-09-2020,MORGAN STANLEY EUR LIQUIDITY FUND,LU1959429272,"Money Market fund conversion: Sell 1 at 9,924.6649 EUR",,,,EUR,33.63,
01-09-2020,09:58,01-09-2020,BANK OF IRELAND GROUP PLC,IE00BD1RP616,DEGIRO Transaction and/or third party fees,,EUR,-2.00,EUR,33.85,aa57a476-b171-4feb-af35-83b49dcb72ec
01-09-2020,09:58,01-09-2020,BANK OF IRELAND GROUP PLC,IE00BD1RP616,DEGIRO Transaction and/or third party fees,,EUR,-4.94,EUR,35.85,aa57a476-b171-4feb-af35-83b49dcb72ec
01-09-2020,09:58,01-09-2020,BANK OF IRELAND GROUP PLC,IE00BD1RP616,London/Dublin Stamp Duty,,EUR,-98.85,EUR,40.79,aa57a476-b171-4feb-af35-83b49dcb72ec
01-09-2020,09:58,01-09-2020,BANK OF IRELAND GROUP PLC,IE00BD1RP616,"Buy 5,300 Bank of Ireland Group PLC@1.865 EUR (IE00BD1RP616)",,EUR,-9884.50,EUR,139.64,aa57a476-b171-4feb-af35-83b49dcb72ec
01-09-2020,00:00,31-08-2020,MORGAN STANLEY EUR LIQUIDITY FUND,LU1959429272,Money Market fund price change (EUR),,EUR,-0.22,EUR,10024.14,
31-08-2020,00:00,30-08-2020,MORGAN STANLEY EUR LIQUIDITY FUND,LU1959429272,Money Market fund price change (EUR),,EUR,-0.42,EUR,10024.37,
28-08-2020,00:00,27-08-2020,MORGAN STANLEY EUR LIQUIDITY FUND,LU1959429272,Money Market fund price change (EUR),,EUR,-0.19,EUR,10024.79,
27-08-2020,16:03,27-08-2020,MORGAN STANLEY EUR LIQUIDITY FUND,LU1959429272,"Money Market fund conversion: Buy 0.007484 at 9,925.7172 EUR",,,,EUR,10024.98,
27-08-2020,16:03,27-08-2020,MORGAN STANLEY EUR LIQUIDITY FUND,LU1959429272,"Money Market fund conversion: Buy 1 at 9,925.7172 EUR",,,,EUR,10000.01,
27-08-2020,00:00,26-08-2020,MORGAN STANLEY EUR LIQUIDITY FUND,LU1959429272,Money Market fund price change (EUR),,EUR,0.00,EUR,10000.01,
26-08-2020,14:21,25-08-2020,,,Deposit,,EUR,10000.00,EUR,10000.01,
13-08-2020,16:08,13-08-2020,MORGAN STANLEY EUR LIQUIDITY FUND,LU1959429272,"Money Market fund conversion: Buy 0.0001 at 9,927.9116 EUR",,,,EUR,0.01,
12-08-2020,11:58,12-08-2020,,,Deposit,,EUR,1.00,EUR,1.00,
